City_ID,City,Country,Date,Lat,Lng,Max Temp,Humidity,Cloudiness,Wind Speed
0,Punta Arenas,CL,2022-05-04 16:01:19,-53.15,-70.9167,41.11,86,86,8.81
1,Buenaventura,CO,2022-05-04 16:05:09,3.8801,-77.0312,81.77,86,100,6.04
2,Hermanus,ZA,2022-05-04 16:00:11,-34.4187,19.2345,70.81,80,15,7.54
3,Bluff,NZ,2022-05-04 16:05:10,-46.6,168.3333,46.8,82,1,7.7
4,Salalah,OM,2022-05-04 16:05:10,17.0151,54.0924,83.01,76,0,2.8
5,Marawi,PH,2022-05-04 16:05:11,7.9986,124.2928,70.36,92,98,1.92
6,Camacha,PT,2022-05-04 16:05:11,33.0833,-16.3333,62.02,32,75,13.8
7,Rikitea,PF,2022-05-04 16:05:12,-23.1203,-134.9692,77.68,81,61,20.02
8,Axim,GH,2022-05-04 16:05:13,4.8699,-2.2405,85.23,68,43,8.39
9,Sur,OM,2022-05-04 16:05:13,22.5667,59.5289,83.17,67,0,3.49
10,Kavieng,PG,2022-05-04 16:05:14,-2.5744,150.7967,82.06,79,71,10.42
11,Shijak,AL,2022-05-04 16:05:14,41.3456,19.5672,66.18,55,20,10.36
12,Albany,US,2022-05-04 16:05:15,42.6001,-73.9662,52.38,91,100,5.46
13,Buala,SB,2022-05-04 16:05:15,-8.145,159.5921,79.72,76,4,3.91
14,Bambous Virieux,MU,2022-05-04 16:05:16,-20.3428,57.7575,78.22,80,17,17.76
15,New Norfolk,AU,2022-05-04 16:05:16,-42.7826,147.0587,45.9,77,68,1.95
16,Tabas,IR,2022-05-04 16:05:17,33.5959,56.9244,81.48,17,23,9.26
17,Butaritari,KI,2022-05-04 16:05:17,3.0707,172.7902,79.84,81,31,10.51
18,Ushuaia,AR,2022-05-04 16:01:42,-54.8,-68.3,40.78,62,8,3.02
19,Chicama,PE,2022-05-04 16:05:18,-7.8447,-79.1469,75.2,62,42,7.2
20,Mar Del Plata,AR,2022-05-04 16:02:43,-38.0023,-57.5575,64.94,50,4,15.99
21,Flinders,AU,2022-05-04 16:05:19,-34.5833,150.8552,63.18,89,92,5.01
22,Busselton,AU,2022-05-04 16:05:20,-33.65,115.3333,51.91,67,0,12.59
23,Georgetown,MY,2022-05-04 16:01:47,5.4112,100.3354,84.13,79,20,0.0
24,Lusambo,CD,2022-05-04 16:05:21,-4.9667,23.45,80.85,66,57,2.57
25,Bristol,US,2022-05-04 16:05:22,41.8334,-71.1662,54.54,84,100,1.99
26,Wanaka,NZ,2022-05-04 16:05:23,-44.7,169.15,50.04,75,23,2.89
27,Opunake,NZ,2022-05-04 16:05:28,-39.4556,173.8583,55.85,83,9,3.98
28,Kapaa,US,2022-05-04 16:04:37,22.0752,-159.319,73.72,91,100,16.11
29,Port Hardy,CA,2022-05-04 16:05:33,50.6996,-127.4199,43.99,91,100,13.06
30,Iqaluit,CA,2022-05-04 16:05:33,63.7506,-68.5145,10.13,67,20,25.32
31,Malibu,US,2022-05-04 16:05:34,34.005,-118.8101,70.5,78,0,1.01
32,Borgarnes,IS,2022-05-04 16:05:34,64.5383,-21.9206,38.37,58,100,8.14
33,Husavik,IS,2022-05-04 16:05:35,66.0449,-17.3389,34.48,84,90,4.72
34,Arraial Do Cabo,BR,2022-05-04 16:05:35,-22.9661,-42.0278,87.66,58,0,12.66
35,Nikolskoye,RU,2022-05-04 16:05:36,59.7035,30.7861,43.88,53,68,9.28
36,Sao Filipe,CV,2022-05-04 16:05:36,14.8961,-24.4956,73.9,75,3,11.1
37,Kupang,ID,2022-05-04 16:05:37,-10.1667,123.5833,79.97,79,54,9.4
38,Bathsheba,BB,2022-05-04 16:05:38,13.2167,-59.5167,81.63,74,93,17.36
39,Viareggio,IT,2022-05-04 16:05:38,43.8735,10.2558,74.23,64,36,5.35
40,Ahipara,NZ,2022-05-04 16:05:38,-35.1667,173.1667,59.14,90,26,6.82
41,Lebu,CL,2022-05-04 16:01:47,-37.6167,-73.65,58.5,77,100,16.26
42,Puchezh,RU,2022-05-04 16:05:39,56.9788,43.1676,41.27,64,57,12.66
43,Beringovskiy,RU,2022-05-04 16:05:40,63.05,179.3167,10.18,92,87,9.08
44,Sapernoye,RU,2022-05-04 16:05:40,60.7167,29.9505,41.67,41,93,7.0
45,Torbay,CA,2022-05-04 16:05:41,47.6666,-52.7314,44.89,82,98,8.99
46,Puerto Ayora,EC,2022-05-04 16:05:41,-0.7393,-90.3518,76.26,77,40,7.09
47,Iskateley,RU,2022-05-04 16:05:42,67.6803,53.1512,16.86,84,59,11.05
48,Lavrentiya,RU,2022-05-04 16:05:42,65.5833,-171.0,20.53,92,97,7.87
49,Chateaudun,FR,2022-05-04 16:05:43,48.0833,1.3333,63.57,62,100,7.38
50,Sitka,US,2022-05-04 16:05:44,57.0531,-135.33,42.69,75,100,14.97
51,Sistranda,NO,2022-05-04 16:05:44,63.7256,8.834,46.36,62,100,7.25
52,Aklavik,CA,2022-05-04 16:05:44,68.2191,-135.0107,25.66,86,100,13.13
53,Byron Bay,AU,2022-05-04 16:05:47,-28.65,153.6167,65.95,91,16,6.06
54,Thomaston,US,2022-05-04 16:02:17,32.8882,-84.3266,83.46,65,100,10.36
55,Sackville,CA,2022-05-04 16:05:49,45.9188,-64.3846,58.86,55,100,13.24
56,Honiara,SB,2022-05-04 16:05:49,-9.4333,159.95,77.68,84,17,1.74
57,Hithadhoo,MV,2022-05-04 16:05:50,-0.6,73.0833,85.26,70,100,16.55
58,Jamestown,US,2022-05-04 16:05:50,42.097,-79.2353,51.53,95,100,13.8
59,Cape Town,ZA,2022-05-04 16:02:32,-33.9258,18.4232,66.34,80,66,5.01
60,Cuamba,MZ,2022-05-04 16:05:53,-14.8031,36.5372,67.08,78,21,4.56
61,Tomatlan,MX,2022-05-04 16:05:53,19.9333,-105.25,88.25,28,59,5.01
62,Guadalupe Victoria,MX,2022-05-04 16:05:54,32.2869,-115.105,73.47,13,0,11.14
63,Khatanga,RU,2022-05-04 16:05:56,71.9667,102.5,12.09,99,100,1.86
64,Seoul,KR,2022-05-04 16:04:12,37.5683,126.9778,54.84,47,0,3.0
65,Cumra,TR,2022-05-04 16:05:57,37.5732,32.7745,51.94,63,86,18.21
66,Carnarvon,AU,2022-05-04 16:05:58,-24.8667,113.6333,79.86,38,8,16.98
67,Tuktoyaktuk,CA,2022-05-04 16:06:00,69.4541,-133.0374,23.0,93,100,11.5
68,Port Alfred,ZA,2022-05-04 16:06:04,-33.5906,26.891,67.17,89,0,5.97
69,Lagoa,PT,2022-05-04 16:06:05,39.05,-27.9833,62.87,83,100,10.67
70,Fort Nelson,CA,2022-05-04 16:06:05,58.8053,-122.7002,43.54,73,100,2.44
71,Bredasdorp,ZA,2022-05-04 16:06:07,-34.5322,20.0403,63.43,84,31,6.85
72,Mataura,NZ,2022-05-04 16:06:07,-46.1927,168.8643,46.47,92,2,2.8
73,Pisco,PE,2022-05-04 16:06:08,-13.7,-76.2167,70.02,82,60,8.99
74,Gornyy,RU,2022-05-04 16:01:17,55.1153,83.9059,41.61,42,10,7.87
75,Kaeo,NZ,2022-05-04 16:06:10,-35.1,173.7833,57.33,95,42,8.46
76,Makakilo City,US,2022-05-04 16:06:14,21.3469,-158.0858,70.12,84,100,14.97
77,Visby,SE,2022-05-04 16:06:15,57.6409,18.296,52.05,28,0,16.11
78,Port Elizabeth,ZA,2022-05-04 16:06:15,-33.918,25.5701,68.09,89,2,5.14
79,Kisangani,CD,2022-05-04 16:06:31,0.5167,25.2,80.64,69,49,3.04
80,Biu,NG,2022-05-04 16:06:32,10.6129,12.1946,95.38,27,59,2.21
81,Posse,BR,2022-05-04 16:06:32,-14.0931,-46.3694,90.73,28,3,4.88
82,Katsuura,JP,2022-05-04 16:06:33,35.1333,140.3,63.52,77,98,16.78
83,Nanortalik,GL,2022-05-04 16:06:33,60.1432,-45.2371,32.92,82,62,11.01
84,Awjilah,LY,2022-05-04 16:06:34,29.1081,21.2869,81.86,18,26,11.9
85,Saint George,US,2022-05-04 16:03:21,37.1041,-113.5841,63.79,31,0,5.01
86,Yurimaguas,PE,2022-05-04 16:06:35,-5.9,-76.0833,91.49,47,60,1.88
87,Alekseyevsk,RU,2022-05-04 16:06:38,57.8406,108.3492,31.42,83,98,9.15
88,Ontario,US,2022-05-04 16:06:39,34.0633,-117.6509,76.66,69,0,3.44
89,Sinnamary,GF,2022-05-04 16:06:40,5.3833,-52.95,75.13,95,100,4.92
90,Davenda,RU,2022-05-04 16:06:41,53.5556,119.317,31.77,65,0,2.51
91,Vallenar,CL,2022-05-04 16:06:41,-28.5708,-70.7581,74.25,37,3,6.08
92,East London,ZA,2022-05-04 16:06:42,-33.0153,27.9116,69.51,83,0,4.97
93,Jennings,US,2022-05-04 16:06:42,38.7192,-90.2604,55.71,79,100,9.22
94,Troitsk,RU,2022-05-04 16:06:43,54.0979,61.5773,55.29,29,70,5.86
95,Elizabeth City,US,2022-05-04 16:06:43,36.2946,-76.2511,84.22,65,0,14.97
96,Ambon,ID,2022-05-04 16:06:44,-3.6954,128.1814,78.94,94,40,3.44
97,Krasnyy Chikoy,RU,2022-05-04 16:06:45,50.3643,108.7512,37.96,82,100,8.88
98,La Fria,VE,2022-05-04 16:02:35,8.2203,-72.2439,91.72,42,79,5.03
99,Red Bluff,US,2022-05-04 16:06:46,40.1785,-122.2358,74.52,30,0,8.05
100,Luze,CZ,2022-05-04 16:06:47,49.8934,16.0285,67.86,60,83,5.88
101,Dikson,RU,2022-05-04 16:06:48,73.5069,80.5464,13.86,77,94,19.91
102,Olafsvik,IS,2022-05-04 16:06:49,64.8945,-23.7142,35.58,63,97,5.7
103,Broken Hill,AU,2022-05-04 16:06:49,-31.95,141.4333,51.66,60,71,12.5
104,Ribeira Grande,PT,2022-05-04 16:06:51,38.5167,-28.7,66.6,82,40,8.05
105,Yellowknife,CA,2022-05-04 16:06:52,62.456,-114.3525,35.56,93,100,18.01
106,Upernavik,GL,2022-05-04 16:06:52,72.7868,-56.1549,11.55,89,85,7.87
107,Lorengau,PG,2022-05-04 16:06:53,-2.0226,147.2712,81.45,81,80,4.63
108,Aktau,KZ,2022-05-04 16:06:54,43.65,51.2,63.18,56,50,10.33
109,Tuatapere,NZ,2022-05-04 16:06:54,-46.1333,167.6833,49.86,82,10,5.17
110,Gambo,CF,2022-05-04 16:06:56,4.6482,22.2633,82.2,68,73,2.33
111,Cayenne,GF,2022-05-04 16:06:57,4.9333,-52.3333,82.44,83,75,9.22
112,Morro Bay,US,2022-05-04 16:06:57,35.3658,-120.8499,69.24,60,3,1.01
113,North Bend,US,2022-05-04 16:06:57,43.4065,-124.2243,55.17,87,0,0.0
114,Kaitangata,NZ,2022-05-04 16:06:58,-46.2817,169.8464,49.26,88,63,3.94
115,Vila Franca Do Campo,PT,2022-05-04 16:06:59,37.7167,-25.4333,64.81,65,98,6.38
116,Qaanaaq,GL,2022-05-04 16:06:59,77.484,-69.3632,22.84,75,38,1.12
117,Liverpool,GB,2022-05-04 16:06:10,53.4106,-2.9779,56.61,85,75,17.27
118,Atuona,PF,2022-05-04 16:07:00,-9.8,-139.0333,78.71,72,88,16.73
119,Mayo,US,2022-05-04 16:07:00,38.8876,-76.5119,66.31,93,100,6.91
120,Chokurdakh,RU,2022-05-04 16:07:01,70.6333,147.9167,6.82,96,98,1.7
121,Barrow,US,2022-05-04 16:07:02,71.2906,-156.7887,15.82,86,100,13.8
122,Sola,VU,2022-05-04 16:07:02,-13.8833,167.55,81.79,75,100,6.8
123,Havelock,US,2022-05-04 16:04:18,34.8791,-76.9013,84.96,82,92,8.01
124,Guerrero Negro,MX,2022-05-04 16:02:55,27.9769,-114.0611,62.44,64,1,13.18
125,Avarua,CK,2022-05-04 16:07:03,-21.2078,-159.775,75.25,94,40,3.44
126,Castro,BR,2022-05-04 16:07:04,-24.7911,-50.0119,55.13,77,65,11.16
127,Itarema,BR,2022-05-04 16:07:04,-2.9248,-39.9167,84.27,72,95,11.63
128,Nakamura,JP,2022-05-04 16:07:05,32.9833,132.9333,56.28,83,100,1.99
129,Thompson,CA,2022-05-04 16:04:19,55.7435,-97.8558,27.81,82,100,10.38
130,Guiren,CN,2022-05-04 16:07:06,33.6697,118.1889,64.92,54,0,11.61
131,Saldanha,ZA,2022-05-04 16:07:06,-33.0117,17.9442,59.41,91,64,7.61
132,Ilulissat,GL,2022-05-04 16:07:07,69.2167,-51.1,17.62,67,75,11.5
133,Hilo,US,2022-05-04 16:05:44,19.7297,-155.09,72.28,96,100,5.75
134,Mahon,ES,2022-05-04 16:07:08,39.8885,4.2658,64.96,77,40,24.16
135,Cidreira,BR,2022-05-04 16:07:09,-30.1811,-50.2056,67.26,87,99,19.04
136,Cherskiy,RU,2022-05-04 16:07:09,68.75,161.3,30.7,99,100,3.83
137,Pringsewu,ID,2022-05-04 16:07:10,-5.3582,104.9744,72.79,92,100,1.99
138,Vao,NC,2022-05-04 16:06:20,-22.6667,167.4833,74.62,80,5,13.76
139,Kloulklubed,PW,2022-05-04 16:07:11,7.0419,134.2556,79.3,78,54,20.94
140,Ratnagiri,IN,2022-05-04 16:04:33,16.9833,73.3,83.75,75,6,10.25
141,Palu,ID,2022-05-04 16:07:11,-0.8917,119.8707,76.77,95,100,1.72
142,Kailua,US,2022-05-04 16:07:12,21.4022,-157.7394,73.38,82,100,10.36
143,Ponta Delgada,PT,2022-05-04 16:07:12,37.7333,-25.6667,65.12,68,75,9.22
144,Shirokiy,RU,2022-05-04 16:07:13,49.758,129.523,46.04,75,100,14.74
145,Tolentino,IT,2022-05-04 16:07:13,43.2126,13.2901,67.48,67,69,4.76
146,Horta,PT,2022-05-04 16:07:14,38.5333,-28.6333,65.84,82,40,8.05
147,Yeppoon,AU,2022-05-04 16:07:15,-23.1333,150.7333,67.78,90,8,6.22
148,Cozumel,MX,2022-05-04 16:02:43,20.5083,-86.9458,86.95,75,75,16.11
149,Port Augusta,AU,2022-05-04 16:07:15,-32.5,137.7667,52.99,67,19,11.74
150,Tignere,CM,2022-05-04 16:07:16,7.3667,12.65,81.59,54,77,4.12
151,Saint-Philippe,RE,2022-05-04 16:07:16,-21.3585,55.7679,74.79,87,53,15.32
152,Nantucket,US,2022-05-04 16:02:21,41.2835,-70.0995,53.74,91,100,11.79
153,Geraldton,AU,2022-05-04 16:07:17,-28.7667,114.6,64.81,48,63,19.57
154,Karasjok,NO,2022-05-04 16:07:18,69.4719,25.5112,28.24,93,100,5.91
155,Bras-Panon,RE,2022-05-04 16:07:18,-20.9967,55.6782,75.88,99,31,14.7
156,Roald,NO,2022-05-04 16:03:33,62.5833,6.1333,53.01,62,75,14.97
157,Gubkinskiy,RU,2022-05-04 16:07:19,64.434,76.5026,39.24,85,100,26.42
158,Mount Isa,AU,2022-05-04 16:07:20,-20.7333,139.5,71.37,30,0,16.11
159,Sol-Iletsk,RU,2022-05-04 16:07:20,51.1631,54.9918,50.99,64,51,6.76
160,Carutapera,BR,2022-05-04 16:07:21,-1.195,-46.02,83.75,76,39,6.38
161,San Policarpo,PH,2022-05-04 16:07:21,12.1791,125.5072,80.91,82,70,9.1
162,Bara,NG,2022-05-04 16:07:22,10.3744,10.7288,100.06,27,90,7.61
163,Airai,TL,2022-05-04 16:07:22,-8.9266,125.4092,59.5,92,73,2.91
164,Saint-Joseph,RE,2022-05-04 16:07:23,-21.3667,55.6167,73.78,84,29,15.68
165,Adre,TD,2022-05-04 16:07:23,13.4667,22.2,85.32,35,37,23.22
166,Matara,LK,2022-05-04 16:07:24,5.9485,80.5353,80.01,88,51,9.57
167,Kedrovyy,RU,2022-05-04 16:07:24,56.1667,91.8167,28.87,74,7,3.83
168,Alyangula,AU,2022-05-04 16:07:25,-13.8483,136.4192,80.31,74,15,6.17
169,Kruisfontein,ZA,2022-05-04 16:07:25,-34.0033,24.7314,65.88,91,50,3.15
170,Taltal,CL,2022-05-04 16:07:26,-25.4,-70.4833,64.2,74,20,3.13
171,Shelburne,CA,2022-05-04 16:07:26,44.0787,-80.2041,52.75,99,100,12.71
172,Egvekinot,RU,2022-05-04 16:07:27,66.3167,-179.1667,9.37,88,54,10.76
173,Dryden,CA,2022-05-04 16:07:27,49.7833,-92.7503,46.4,77,97,5.03
174,Juneau,US,2022-05-04 16:03:12,58.3019,-134.4197,42.8,90,100,13.8
175,Bundaberg,AU,2022-05-04 16:07:28,-24.85,152.35,68.29,99,100,5.75
176,Jining,CN,2022-05-04 16:07:28,35.405,116.5814,66.56,44,16,10.09
177,Vaini,TO,2022-05-04 16:07:29,-21.2,-175.2,71.76,94,20,3.44
178,Serra,BR,2022-05-04 16:04:25,-20.1286,-40.3078,88.47,54,1,10.04
179,Severo-Kurilsk,RU,2022-05-04 16:07:30,50.6789,156.125,33.84,87,100,4.23
180,Petropavlovsk-Kamchatskiy,RU,2022-05-04 16:06:47,53.0452,158.6483,30.87,84,30,2.28
181,Kathmandu,NP,2022-05-04 16:06:07,27.7167,85.3167,68.22,88,20,5.75
182,Mount Gambier,AU,2022-05-04 16:07:31,-37.8333,140.7667,43.95,88,75,5.03
183,Jasper,US,2022-05-04 16:07:31,37.2001,-94.3502,52.0,87,100,3.44
184,Bethel,US,2022-05-04 16:07:32,41.3712,-73.414,54.03,92,100,3.44
185,Casper,US,2022-05-04 16:05:18,42.8666,-106.3131,38.71,92,100,8.05
186,Kalmunai,LK,2022-05-04 16:07:32,7.4167,81.8167,82.6,81,14,5.93
187,Faanui,PF,2022-05-04 16:07:33,-16.4833,-151.75,81.01,76,99,10.94
188,Araripina,BR,2022-05-04 16:07:33,-7.5761,-40.4983,85.24,46,100,10.13
189,Pag,HR,2022-05-04 16:07:34,44.445,15.0575,68.58,61,95,2.71
190,Hokitika,NZ,2022-05-04 16:07:34,-42.7167,170.9667,57.0,87,92,3.04
191,Westport,US,2022-05-04 16:07:35,41.1415,-73.3579,55.44,96,100,9.22
192,Brae,GB,2022-05-04 16:07:35,60.3964,-1.353,49.6,81,86,16.49
193,Tiksi,RU,2022-05-04 16:07:36,71.6872,128.8694,3.51,97,19,4.45
194,Kanniyakumari,IN,2022-05-04 16:07:36,8.0833,77.5667,83.39,81,100,18.21
195,Comodoro Rivadavia,AR,2022-05-04 16:07:37,-45.8667,-67.5,62.46,45,0,21.85
196,Peniche,PT,2022-05-04 16:07:37,39.3558,-9.3811,74.08,73,0,17.16
197,Bilma,NE,2022-05-04 16:07:38,18.6853,12.9164,106.79,8,100,8.86
198,Noumea,NC,2022-05-04 16:07:38,-22.2763,166.4572,71.58,84,6,8.3
199,Banjar,ID,2022-05-04 16:07:39,-8.19,114.9675,78.55,91,100,4.61
200,Sarh,TD,2022-05-04 16:07:39,9.1429,18.3923,97.81,28,75,5.59
201,Worthington,US,2022-05-04 16:07:40,40.0931,-83.018,55.29,88,100,12.66
202,Tabou,CI,2022-05-04 16:07:40,4.423,-7.3528,85.57,67,10,8.77
203,Warrington,GB,2022-05-04 16:07:41,53.3925,-2.5802,56.01,86,75,17.27
204,Tasiilaq,GL,2022-05-04 16:07:41,65.6145,-37.6368,28.56,70,100,9.8
205,Bowen,AU,2022-05-04 16:07:43,-20.0167,148.2333,70.43,93,4,6.49
206,Behbahan,IR,2022-05-04 16:07:43,30.5959,50.2417,84.56,18,0,1.88
207,Half Moon Bay,US,2022-05-04 16:07:44,37.4636,-122.4286,70.88,72,0,0.0
208,Talnakh,RU,2022-05-04 16:07:44,69.4865,88.3972,25.54,94,98,14.99
209,Nova Olimpia,BR,2022-05-04 16:07:45,-14.7972,-57.2881,74.23,63,96,6.4
210,Fortuna,US,2022-05-04 16:07:45,40.5982,-124.1573,52.72,89,0,0.0
211,Dharur,IN,2022-05-04 16:07:46,18.8167,76.1167,93.2,19,7,5.95
212,Mogadishu,SO,2022-05-04 16:04:17,2.0371,45.3438,81.68,79,71,13.11
213,Nishihara,JP,2022-05-04 16:07:46,26.1842,127.7558,71.26,94,75,8.05
214,Jinchang,CN,2022-05-04 16:07:47,38.4953,102.1739,70.9,10,26,3.96
215,Adrar,MR,2022-05-04 16:07:47,20.5022,-10.0711,97.81,11,6,7.43
216,Hambantota,LK,2022-05-04 16:06:14,6.1241,81.1185,80.94,94,40,4.61
217,Mumford,GH,2022-05-04 16:07:48,5.2618,-0.759,84.54,71,17,13.62
218,Ketchikan,US,2022-05-04 16:07:48,55.3422,-131.6461,46.38,81,100,14.97
219,Hobart,AU,2022-05-04 16:07:49,-42.8794,147.3294,44.46,88,100,4.61
220,Champerico,GT,2022-05-04 16:07:49,14.3,-91.9167,84.74,65,100,10.67
221,San Luis,AR,2022-05-04 16:07:50,-33.295,-66.3356,73.17,19,47,5.99
222,Tyubuk,RU,2022-05-04 16:07:50,56.0552,60.9405,51.21,44,84,6.06
223,That Phanom,TH,2022-05-04 16:07:51,16.9364,104.7104,72.45,61,76,7.02
224,Port Blair,IN,2022-05-04 16:07:51,11.6667,92.75,84.24,79,75,2.3
225,Bandarbeyla,SO,2022-05-04 16:07:52,9.4942,50.8122,84.34,79,43,5.99
226,Provideniya,RU,2022-05-04 16:07:52,64.3833,-173.3,23.95,92,70,9.57
227,Krasnoshchekovo,RU,2022-05-04 16:07:53,51.6708,82.7289,47.53,31,80,15.99
228,Gat,IL,2022-05-04 16:07:53,31.61,34.7642,69.82,100,33,13.24
229,Tokur,RU,2022-05-04 16:07:54,53.1333,132.9,31.37,100,100,2.95
230,Mahebourg,MU,2022-05-04 16:07:54,-20.4081,57.7,78.26,80,23,17.85
231,Nelson Bay,AU,2022-05-04 16:07:55,-32.7167,152.15,67.08,90,83,10.74
232,Qasigiannguit,GL,2022-05-04 16:07:55,68.8193,-51.1922,17.85,78,100,8.81
233,Robertsport,LR,2022-05-04 16:07:56,6.7533,-11.3686,85.17,69,48,9.86
234,Jhanjharpur,IN,2022-05-04 16:07:56,26.2667,86.2833,86.27,48,43,8.72
235,Ponta Do Sol,PT,2022-05-04 16:07:58,32.6667,-17.1,69.12,62,73,4.32
236,Kodiak,US,2022-05-04 16:07:58,57.79,-152.4072,42.31,81,100,10.36
237,Pelym,RU,2022-05-04 16:07:59,61.0108,61.9978,44.47,94,100,5.5
238,Diamantino,BR,2022-05-04 16:05:00,-14.4086,-56.4461,76.55,61,93,7.92
239,Moron,AR,2022-05-04 16:04:32,-34.6534,-58.6198,64.94,56,1,4.47
240,Kinablangan,PH,2022-05-04 16:07:59,7.6947,126.5503,77.59,86,49,3.58
241,Kousseri,CM,2022-05-04 16:08:00,12.0769,15.0306,106.11,16,12,8.16
242,Lata,PT,2022-05-04 16:08:00,40.1629,-8.3327,75.07,36,3,10.31
243,Otorohanga,NZ,2022-05-04 16:08:01,-38.1833,175.2,54.34,98,67,2.13
244,Zapolyarnyy,RU,2022-05-04 16:08:02,69.4154,30.8136,25.88,75,100,14.97
245,Alta Floresta,BR,2022-05-04 16:08:02,-9.8756,-56.0861,84.87,62,6,4.43
246,Yulara,AU,2022-05-04 16:08:03,-25.2406,130.9889,57.04,62,100,4.61
247,Cloquet,US,2022-05-04 16:08:04,46.7216,-92.4594,51.39,51,0,6.91
248,Jaque,PA,2022-05-04 16:08:04,7.5175,-78.1703,83.7,79,100,5.53
249,Cabo San Lucas,MX,2022-05-04 16:06:15,22.8909,-109.9124,80.62,55,0,9.22
250,Kabompo,ZM,2022-05-04 16:08:05,-13.5927,24.2008,67.77,71,29,3.65
251,Black River,JM,2022-05-04 16:08:05,18.0264,-77.8487,88.81,53,6,15.86
252,Ancud,CL,2022-05-04 16:08:06,-41.8697,-73.8203,54.61,98,100,9.78
253,Vardo,NO,2022-05-04 16:08:06,70.3705,31.1107,24.78,86,75,17.27
254,Clyde River,CA,2022-05-04 16:08:07,70.4692,-68.5914,28.35,62,100,9.44
255,Tromso,NO,2022-05-04 16:08:07,69.6496,18.957,37.38,69,75,4.61
256,Kuznechnoye,RU,2022-05-04 16:08:08,61.12,29.8686,42.01,41,91,6.29
257,Chakia,IN,2022-05-04 16:08:09,26.4167,85.05,88.23,45,44,13.58
258,Victoria,HK,2022-05-04 16:03:12,22.2855,114.1577,77.18,77,14,8.01
259,Tocopilla,CL,2022-05-04 16:08:10,-22.092,-70.1979,69.69,61,2,5.79
260,Natal,BR,2022-05-04 16:08:10,-5.795,-35.2094,86.65,84,40,13.8
261,Hasaki,JP,2022-05-04 16:08:11,35.7333,140.8333,57.29,79,100,11.83
262,Alice Springs,AU,2022-05-04 16:08:11,-23.7,133.8833,62.15,59,100,13.8
263,Sabha,LY,2022-05-04 16:08:12,27.0377,14.4283,91.0,11,1,14.63
264,Ponerihouen,NC,2022-05-04 16:08:12,-21.0833,165.4,75.22,87,92,6.6
265,Yerofey Pavlovich,RU,2022-05-04 16:08:13,53.9667,121.9667,29.35,90,2,3.56
266,Pangnirtung,CA,2022-05-04 16:08:13,66.1451,-65.7125,10.4,85,20,8.05
267,Houma,US,2022-05-04 16:08:14,29.5958,-90.7195,86.0,68,75,9.22
268,Richmond West,US,2022-05-04 16:08:29,25.6105,-80.4297,86.02,66,20,10.36
269,Silca,HN,2022-05-04 16:08:30,14.8333,-86.5333,80.19,64,79,4.43
270,Maxixe,MZ,2022-05-04 16:08:31,-23.8597,35.3472,71.08,74,100,6.64
271,Guilin,CN,2022-05-04 16:08:31,25.2819,110.2864,66.31,68,96,3.18
272,Eureka,US,2022-05-04 16:05:13,40.8021,-124.1637,52.99,90,94,3.89
273,Mitu,CO,2022-05-04 16:06:12,1.1983,-70.1733,81.05,88,100,2.84
274,Strangnas,SE,2022-05-04 16:05:40,59.3774,17.0312,57.18,43,100,11.18
275,Luderitz,NA,2022-05-04 16:08:32,-26.6481,15.1594,68.77,57,4,5.37
276,Bubaque,GW,2022-05-04 16:08:33,11.2833,-15.8333,79.75,64,15,12.06
277,Neryungri,RU,2022-05-04 16:08:33,56.6709,124.6491,23.79,96,100,2.66
278,Bloomfield,US,2022-05-04 16:07:27,40.8068,-74.1854,55.85,91,100,4.61
279,Yei,SS,2022-05-04 16:08:34,4.095,30.6779,78.91,59,100,2.33
280,Alta Gracia,AR,2022-05-04 16:08:34,-31.6529,-64.4283,72.37,21,3,7.72
281,Tilichiki,RU,2022-05-04 16:08:35,60.4667,166.1,22.93,90,90,4.72
282,Keti Bandar,PK,2022-05-04 16:08:35,24.1447,67.4497,82.8,74,0,13.47
283,Kieta,PG,2022-05-04 16:08:36,-6.2167,155.6333,80.29,82,52,3.67
284,Rawson,AR,2022-05-04 16:08:36,-43.3002,-65.1023,67.62,43,100,16.75
285,Sechelt,CA,2022-05-04 16:08:37,49.4664,-123.7694,49.08,91,100,7.18
286,Matay,EG,2022-05-04 16:08:37,28.419,30.7792,82.81,20,5,13.56
287,Codrington,AU,2022-05-04 16:08:38,-38.2667,141.9667,47.66,75,55,7.47
288,Cap-Aux-Meules,CA,2022-05-04 16:03:50,47.3821,-61.8597,38.88,89,100,15.52
289,Sumbe,AO,2022-05-04 16:08:39,-11.2061,13.8437,80.87,75,34,5.12
290,Almaznyy,RU,2022-05-04 16:08:39,48.0448,40.045,55.36,67,100,3.58
291,Okhotsk,RU,2022-05-04 16:08:40,59.3833,143.3,30.81,88,89,11.39
292,Chiredzi,ZW,2022-05-04 16:08:40,-21.05,31.6667,72.48,58,92,7.25
293,Huangnihe,CN,2022-05-04 16:08:41,43.5583,128.0239,58.82,44,93,4.81
294,Chartres,FR,2022-05-04 16:08:41,48.4167,1.5,66.7,62,100,5.99
295,Trinidad,BO,2022-05-04 16:08:42,-14.8333,-64.9,75.18,46,75,13.8
296,Batagay-Alyta,RU,2022-05-04 16:08:42,67.8006,130.4114,8.74,97,100,4.03
297,Vestmanna,FO,2022-05-04 16:08:43,62.1564,-7.1664,43.72,87,100,16.11
298,North Platte,US,2022-05-04 16:05:21,41.1239,-100.7654,45.12,92,100,12.66
299,Goba,ET,2022-05-04 16:08:44,7.0167,39.9833,54.0,78,80,3.74
300,Khorixas,NA,2022-05-04 16:08:44,-20.3667,14.9667,83.12,14,0,7.61
301,Chumikan,RU,2022-05-04 16:08:44,54.7183,135.315,31.1,98,100,8.23
302,Longyearbyen,SJ,2022-05-04 16:08:45,78.2186,15.6401,17.44,67,20,6.91
303,Coquimbo,CL,2022-05-04 16:07:41,-29.9533,-71.3436,58.73,82,100,2.3
304,Villanueva,HN,2022-05-04 16:08:46,15.3167,-88.0,88.79,51,75,4.61
305,Kirakira,SB,2022-05-04 16:08:46,-10.4544,161.9205,79.05,80,8,1.43
306,Del Rio,US,2022-05-04 16:08:47,29.3627,-100.8968,75.31,94,100,11.5
307,Poddorye,RU,2022-05-04 16:08:47,57.4695,31.1156,43.95,40,91,7.58
308,Isangel,VU,2022-05-04 16:08:47,-19.55,169.2667,76.39,81,0,3.74
309,Uvalde,US,2022-05-04 16:08:48,29.3669,-99.767,77.99,55,100,14.97
310,Berdigestyakh,RU,2022-05-04 16:08:48,62.0989,126.6992,26.87,98,100,2.35
311,Voh,NC,2022-05-04 16:08:49,-20.9667,164.7,72.63,93,3,3.96
312,Sabzevar,IR,2022-05-04 16:08:50,36.2126,57.6819,58.28,88,40,11.5
313,San Cristobal,VE,2022-05-04 16:08:50,7.7669,-72.225,80.19,53,70,7.65
314,Taonan,CN,2022-05-04 16:08:50,45.3333,122.7833,81.07,12,98,24.72
315,Rypin,PL,2022-05-04 16:08:51,53.066,19.4094,56.1,55,100,8.3
316,Ferkessedougou,CI,2022-05-04 16:08:51,9.6,-5.2,99.43,27,98,1.88
317,Kirovsk,UA,2022-05-04 16:08:52,48.6375,38.6428,58.15,52,84,6.15
318,Lompoc,US,2022-05-04 16:04:53,34.6391,-120.4579,67.84,71,0,0.0
319,Utmanzai,PK,2022-05-04 16:08:53,34.188,71.7629,72.21,40,21,0.76
320,Toropets,RU,2022-05-04 16:08:53,56.4978,31.6353,43.18,40,77,8.59
321,Altay,CN,2022-05-04 16:08:53,47.8667,88.1167,56.23,52,100,3.38
322,Tiarei,PF,2022-05-04 16:08:54,-17.5333,-149.3333,78.82,79,84,12.55
323,Entebbe,UG,2022-05-04 16:08:55,0.0644,32.4469,75.52,78,20,16.11
324,Shelby,US,2022-05-04 16:08:55,35.2001,-89.8668,71.69,67,0,6.91
325,Banda Aceh,ID,2022-05-04 16:08:55,5.5577,95.3222,80.83,76,97,7.29
326,Formosa,AR,2022-05-04 16:08:56,-26.1775,-58.1781,67.98,60,20,12.66
327,Lahaina,US,2022-05-04 16:08:56,20.8783,-156.6825,73.81,94,12,9.73
328,Gweta,BW,2022-05-04 16:08:57,-20.1833,25.2333,73.78,28,0,8.59
329,Grand Gaube,MU,2022-05-04 16:08:57,-20.0064,57.6608,78.39,74,4,5.01
330,Dalvik,IS,2022-05-04 16:08:58,65.9702,-18.5286,34.5,77,94,0.85
331,Mayumba,GA,2022-05-04 16:08:58,-3.432,10.6554,81.21,86,100,6.69
332,Bolu,TR,2022-05-04 16:08:59,40.6667,31.5833,45.81,87,87,6.24
333,Marsh Harbour,BS,2022-05-04 16:05:42,26.5412,-77.0636,79.12,72,93,7.7
334,Deputatskiy,RU,2022-05-04 16:09:00,69.3,139.9,11.59,99,90,2.06
335,Hovin,NO,2022-05-04 16:09:00,63.1055,10.225,47.84,71,100,3.29
336,Abu Samrah,SY,2022-05-04 16:09:01,35.3029,37.1841,68.52,61,67,6.67
337,San Javier,ES,2022-05-04 16:09:02,37.8063,-0.8374,60.22,86,20,14.97
338,Rio Bueno,CL,2022-05-04 16:09:02,-40.3167,-72.9667,63.1,70,99,0.43
339,Port Lincoln,AU,2022-05-04 16:09:03,-34.7333,135.8667,56.07,55,81,16.51
340,Ruteng,ID,2022-05-04 16:09:03,-8.6136,120.4721,63.82,95,79,3.42
341,Vidim,RU,2022-05-04 16:09:04,56.4088,103.1106,32.38,84,100,8.72
342,Itacarambi,BR,2022-05-04 16:09:05,-15.1022,-44.0919,96.49,22,0,3.27
343,Ostrovnoy,RU,2022-05-04 16:09:05,68.0531,39.5131,25.77,85,100,15.75
344,Raudeberg,NO,2022-05-04 16:09:06,61.9875,5.1352,46.96,77,100,22.91
345,Warmbad,NA,2022-05-04 16:09:06,-28.45,18.7333,81.63,18,0,10.29
346,La Ronge,CA,2022-05-04 16:09:07,55.1001,-105.2842,32.22,86,100,11.5
347,Olavarria,AR,2022-05-04 16:09:07,-36.8927,-60.3225,63.01,57,4,11.54
348,Gaoual,GN,2022-05-04 16:09:08,11.75,-13.2,105.49,18,35,5.55
349,Barao De Melgaco,BR,2022-05-04 16:09:09,-16.1944,-55.9675,71.49,53,98,5.17
350,Rock Springs,US,2022-05-04 16:09:11,41.5875,-109.2029,39.24,83,100,8.05
351,Necochea,AR,2022-05-04 16:09:11,-38.5473,-58.7368,65.62,45,13,16.2
352,Yantongshan,CN,2022-05-04 16:09:12,43.2919,126.0094,66.06,38,95,18.9
353,Kendari,ID,2022-05-04 16:09:12,-3.945,122.4989,76.55,94,100,2.89
354,Caravelas,BR,2022-05-04 16:09:13,-17.7125,-39.2481,85.69,57,0,10.71
355,Wajir,KE,2022-05-04 16:09:14,1.7471,40.0573,81.46,67,80,13.6
356,Santa Lucia,ES,2022-05-04 16:09:14,27.9117,-15.5407,63.72,53,20,26.46
357,Margate,GB,2022-05-04 16:05:33,51.3813,1.3862,57.87,86,100,1.99
358,Bengkulu,ID,2022-05-04 16:09:15,-3.8004,102.2655,75.4,89,89,4.61
359,Kungurtug,RU,2022-05-04 16:09:15,50.5994,97.5228,29.44,65,40,3.51
360,Belaya Gora,RU,2022-05-04 16:09:16,68.5333,146.4167,26.78,93,100,2.3
361,Alofi,NU,2022-05-04 16:07:44,-19.0595,-169.9187,75.09,78,7,8.05
362,Bac Lieu,VN,2022-05-04 16:09:16,9.285,105.7244,82.13,79,60,7.52
363,Stephenville Crossing,CA,2022-05-04 16:09:17,48.5,-58.4318,43.86,78,90,7.61
364,Sangar,RU,2022-05-04 16:09:17,63.9242,127.4739,29.71,99,100,3.78
365,Lerwick,GB,2022-05-04 16:06:04,60.1545,-1.1494,50.0,83,96,15.75
366,Yucca Valley,US,2022-05-04 16:05:28,34.1142,-116.4322,74.46,23,0,11.99
367,Bhatkal,IN,2022-05-04 16:09:18,13.9667,74.5667,84.0,81,100,5.08
368,Arcata,US,2022-05-04 16:06:30,40.8665,-124.0828,52.99,93,100,0.0
369,Jalu,LY,2022-05-04 16:09:19,29.0331,21.5482,81.95,19,27,11.01
370,Vieste,IT,2022-05-04 16:09:20,41.8825,16.175,63.28,70,85,9.55
371,Pitimbu,BR,2022-05-04 16:09:20,-7.4706,-34.8086,86.59,72,54,14.94
372,Eyl,SO,2022-05-04 16:09:21,7.9803,49.8164,85.5,62,57,12.71
373,Narsaq,GL,2022-05-04 16:09:22,60.9167,-46.05,43.02,53,13,4.85
374,Mnogovershinnyy,RU,2022-05-04 16:08:51,53.9353,139.9242,26.28,95,48,4.9
375,Launceston,AU,2022-05-04 16:09:22,-41.45,147.1667,44.15,89,65,4.0
376,La Rioja,ES,2022-05-04 16:09:23,42.25,-2.5,55.18,87,99,5.28
377,Saint-Pierre,RE,2022-05-04 16:09:23,-21.3393,55.4781,75.9,85,100,13.8
378,Waipawa,NZ,2022-05-04 16:09:24,-41.4122,175.5153,49.73,94,22,5.37
379,Flin Flon,CA,2022-05-04 16:09:24,54.7682,-101.865,29.95,92,100,7.34
380,Mwinilunga,ZM,2022-05-04 16:09:25,-11.7358,24.4293,69.53,65,81,4.45
381,West Wendover,US,2022-05-04 16:09:25,40.7391,-114.0733,49.21,71,0,4.61
382,Saskylakh,RU,2022-05-04 16:09:26,71.9167,114.0833,18.52,94,100,6.2
383,Padang,ID,2022-05-04 16:09:27,-0.9492,100.3543,77.88,82,100,3.6
384,Te Anau,NZ,2022-05-04 16:09:27,-45.4167,167.7167,47.82,92,18,1.45
385,Erenhot,CN,2022-05-04 16:09:28,43.6475,111.9767,67.59,21,66,6.2
386,Revnice,CZ,2022-05-04 16:09:29,49.914,14.2359,68.11,65,74,3.0
387,Cravo Norte,CO,2022-05-04 16:09:29,6.3017,-70.2041,94.93,36,79,8.55
388,Espinosa,BR,2022-05-04 16:09:30,-14.9261,-42.8192,95.38,22,1,2.71
389,Weligama,LK,2022-05-04 16:09:30,5.9667,80.4167,80.53,86,53,9.6
390,Seddon,AU,2022-05-04 16:09:31,-37.8068,144.8916,53.74,83,0,10.36
391,Paamiut,GL,2022-05-04 16:09:31,61.994,-49.6678,29.57,64,5,13.31
392,Port Hedland,AU,2022-05-04 16:09:32,-20.3167,118.5667,80.65,29,55,11.5
393,Petrivka,UA,2022-05-04 16:09:33,46.9695,30.9591,62.11,55,99,17.0
394,Tazovskiy,RU,2022-05-04 16:09:33,67.4667,78.7,33.82,98,100,17.22
395,Najran,SA,2022-05-04 16:09:34,17.4924,44.1277,87.58,16,2,13.91
396,Bereda,ES,2022-05-04 16:09:34,43.2686,-7.5406,62.42,67,40,8.21
397,Labuhan,ID,2022-05-04 16:09:35,-6.8844,112.2051,79.83,84,100,5.41
398,Summerland,CA,2022-05-04 16:09:35,49.5998,-119.6691,55.26,63,100,4.79
399,Hohhot,CN,2022-05-04 16:09:36,40.8106,111.6522,59.29,26,0,6.71
400,Rocha,UY,2022-05-04 16:09:36,-34.4833,-54.3333,66.42,58,0,4.27
401,Cooma,AU,2022-05-04 16:09:37,-36.2333,149.1333,42.57,100,100,0.0
402,Chuy,UY,2022-05-04 16:09:37,-33.6971,-53.4616,66.9,65,44,7.2
403,Los Llanos De Aridane,ES,2022-05-04 16:09:38,28.6585,-17.9182,65.95,71,75,16.11
404,Areosa,PT,2022-05-04 16:09:38,41.7178,-8.8571,65.01,64,12,10.38
405,Saint-Georges,GD,2022-05-04 16:09:39,12.0564,-61.7485,83.88,74,40,20.71
406,Atar,MR,2022-05-04 16:09:39,20.5169,-13.0499,99.5,12,4,7.92
407,Roblin,CA,2022-05-04 16:09:40,51.23,-101.3565,54.25,49,66,7.34
408,Jeremie,HT,2022-05-04 16:09:41,18.65,-74.1167,84.34,64,7,3.49
409,San Patricio,US,2022-05-04 16:09:41,28.017,-97.5169,86.09,61,34,20.8
410,Arroio Grande,BR,2022-05-04 16:09:42,-32.2375,-53.0869,68.22,64,63,11.18
411,Mehamn,NO,2022-05-04 16:09:42,71.0357,27.8492,26.55,74,75,19.57
412,Junnar,IN,2022-05-04 16:09:43,19.2,73.8833,82.36,35,0,8.05
413,Klaksvik,FO,2022-05-04 16:06:17,62.2266,-6.589,45.52,80,71,24.83
414,Hurghada,EG,2022-05-04 16:09:44,27.2574,33.8129,79.72,41,29,23.76
415,Esperance,AU,2022-05-04 16:09:44,-33.8667,121.9,57.29,58,98,7.94
416,Boffa,GN,2022-05-04 16:09:45,10.1667,-14.0333,94.5,49,46,13.13
417,Chaparral,CO,2022-05-04 16:08:48,3.7232,-75.4832,82.13,61,75,4.18
418,Ayan,RU,2022-05-04 16:09:45,56.45,138.1667,29.8,95,95,4.27
419,Zhaoyuan,CN,2022-05-04 16:09:46,37.3592,120.3964,63.09,56,5,12.59
420,Lethem,GY,2022-05-04 16:09:46,3.3803,-59.7968,87.82,54,99,5.23
421,Karratha,AU,2022-05-04 16:09:47,-20.7377,116.8463,81.61,34,5,13.35
422,La Romana,DO,2022-05-04 16:09:47,18.4273,-68.9728,86.36,66,40,9.22
423,Ulladulla,AU,2022-05-04 16:09:48,-35.35,150.4667,59.9,89,82,5.01
424,Nieuw Amsterdam,SR,2022-05-04 16:09:49,5.8833,-55.0833,89.62,62,40,0.0
425,Kropotkin,RU,2022-05-04 16:09:49,45.4375,40.5756,59.72,72,100,4.56
426,Anadyr,RU,2022-05-04 16:09:50,64.75,177.4833,16.3,86,0,11.18
427,Jumla,NP,2022-05-04 16:09:50,29.2747,82.1838,55.11,89,41,2.86
428,Marrakesh,MA,2022-05-04 16:09:51,31.6315,-8.0083,75.27,31,40,8.05
429,Asau,RO,2022-05-04 16:09:51,46.4333,26.4,59.92,78,91,4.16
430,Vila Velha,BR,2022-05-04 16:09:52,-20.3297,-40.2925,93.15,54,0,13.8
431,Nizhniy Tsasuchey,RU,2022-05-04 16:09:53,50.5167,115.1333,49.01,18,100,6.55
432,Manado,ID,2022-05-04 16:09:53,1.487,124.8455,77.77,94,40,2.3
433,Tual,ID,2022-05-04 16:09:54,-5.6667,132.75,84.65,73,98,5.46
434,Harper,LR,2022-05-04 16:09:24,4.375,-7.7169,85.66,68,20,8.81
435,Poum,NC,2022-05-04 16:09:54,-20.2333,164.0167,77.52,82,14,7.4
436,Taoudenni,ML,2022-05-04 16:09:55,22.6783,-3.9836,103.42,8,34,14.76
437,Praia Da Vitoria,PT,2022-05-04 16:09:55,38.7333,-27.0667,67.75,82,75,13.35
438,Aitape,PG,2022-05-04 16:09:56,-3.1374,142.3475,78.53,86,85,2.66
439,Vestmannaeyjar,IS,2022-05-04 16:09:56,63.4427,-20.2734,43.79,56,0,17.27
440,Sicuani,PE,2022-05-04 16:09:57,-14.2694,-71.2261,55.69,49,97,5.19
441,Porto Novo,BJ,2022-05-04 16:09:57,6.4965,2.6036,85.98,66,48,11.03
442,Nyrob,RU,2022-05-04 16:09:58,60.733,56.7202,37.04,95,100,1.39
443,Kavaratti,IN,2022-05-04 16:09:58,10.5669,72.642,86.02,71,88,12.62
444,Tura,IN,2022-05-04 16:09:59,25.5198,90.2201,71.58,83,18,3.65
445,Nome,US,2022-05-04 16:09:59,64.5011,-165.4064,26.67,74,100,0.0
446,Iquique,CL,2022-05-04 16:10:00,-20.2208,-70.1431,68.04,66,41,7.52
447,Ewa Beach,US,2022-05-04 16:10:01,21.3156,-158.0072,73.35,80,75,14.97
448,Whithorn,JM,2022-05-04 16:10:01,18.2604,-78.0378,83.46,44,8,6.29
449,Richards Bay,ZA,2022-05-04 16:10:02,-28.783,32.0377,70.16,84,0,9.4
450,Santa Rosa,PH,2022-05-04 16:10:03,14.3122,121.1114,85.1,74,15,6.49
451,Goderich,CA,2022-05-04 16:10:05,43.7501,-81.7165,46.9,89,100,16.06
452,Phangnga,TH,2022-05-04 16:10:06,8.4509,98.5298,80.64,92,100,1.3
453,Shanghai,CN,2022-05-04 16:09:07,31.2222,121.4581,62.92,68,0,8.95
454,Lalmohan,BD,2022-05-04 16:10:07,22.3384,90.7419,82.49,77,21,11.81
455,Constitucion,CL,2022-05-04 16:10:07,-35.3333,-72.4167,63.3,56,100,5.06
456,Udachnyy,RU,2022-05-04 16:10:08,66.4167,112.4,16.43,88,100,3.24
457,Haverfordwest,GB,2022-05-04 16:10:08,51.8017,-4.9691,58.59,80,42,7.87
458,Kenai,US,2022-05-04 16:10:09,60.5544,-151.2583,40.14,90,75,4.61
459,Nouadhibou,MR,2022-05-04 16:10:09,20.931,-17.0347,65.35,78,13,25.05
460,Bertoua,CM,2022-05-04 16:10:10,4.5833,13.6833,88.77,42,100,4.59
461,Santos Reyes Nopala,MX,2022-05-04 16:10:10,16.1092,-97.1561,78.17,39,89,3.74
462,Pevek,RU,2022-05-04 16:10:11,69.7008,170.3133,8.1,89,99,4.41
463,Caldas Novas,BR,2022-05-04 16:10:11,-17.7417,-48.625,79.83,54,84,6.24
464,Lensk,RU,2022-05-04 16:10:12,60.7253,114.9278,30.67,86,100,11.39
465,San Lazaro,BZ,2022-05-04 16:10:12,18.0387,-88.6622,82.71,65,70,8.79
466,Broome,US,2022-05-04 16:10:13,42.2506,-75.833,58.19,86,100,5.75
467,Ko Samui,TH,2022-05-04 16:10:14,9.5357,99.9357,80.53,86,100,11.12
468,Ryotsu,JP,2022-05-04 16:10:14,38.0833,138.4333,56.05,56,0,5.68
469,Colares,PT,2022-05-04 16:10:15,38.7992,-9.4469,76.68,46,20,21.85
470,Barahona,DO,2022-05-04 16:10:15,18.2085,-71.1008,85.82,74,20,13.8
471,Ugoofaaru,MV,2022-05-04 16:10:16,5.6667,73.0,84.07,75,100,15.84
472,Cabedelo,BR,2022-05-04 16:10:17,-6.9811,-34.8339,86.67,74,47,16.51
473,Touba,CI,2022-05-04 16:10:17,8.2833,-7.6833,91.76,40,59,10.78
474,Puerto Escondido,MX,2022-05-04 16:10:18,15.85,-97.0667,85.03,70,75,6.91
475,Tarakan,ID,2022-05-04 16:10:18,3.3,117.6333,80.1,89,20,2.3
476,Qaqortoq,GL,2022-05-04 16:10:19,60.7167,-46.0333,35.31,64,27,9.53
477,Aljezur,PT,2022-05-04 16:10:20,37.3191,-8.8033,68.25,57,62,12.24
478,Moose Factory,CA,2022-05-04 16:10:20,51.2585,-80.6094,36.9,52,8,12.55
479,Teguajinal,HN,2022-05-04 16:10:36,15.3667,-86.6,78.8,56,58,2.68
480,Gazojak,TM,2022-05-04 16:10:36,41.1875,61.4036,77.07,30,97,7.18
481,Coihaique,CL,2022-05-04 16:10:37,-45.5752,-72.0662,52.41,81,75,6.91
482,Allapalli,IN,2022-05-04 16:10:37,19.4167,80.0667,92.5,30,17,3.76
483,Cap Malheureux,MU,2022-05-04 16:10:38,-19.9842,57.6142,78.48,74,4,7.0
484,Samaipata,BO,2022-05-04 16:10:38,-18.15,-63.8667,65.43,39,3,4.21
485,Campos Altos,BR,2022-05-04 16:10:39,-19.6961,-46.1714,75.06,52,76,9.06
486,New Glasgow,CA,2022-05-04 16:09:31,45.5834,-62.6486,51.78,59,100,3.69
487,Warwick,US,2022-05-04 16:07:35,41.7001,-71.4162,54.14,90,100,4.61
488,Portland,US,2022-05-04 16:06:58,45.5234,-122.6762,55.29,79,75,3.0
489,Aketi,CD,2022-05-04 16:10:40,2.7388,23.7833,84.97,56,80,3.02
490,Kostomuksha,RU,2022-05-04 16:10:41,64.571,30.5767,34.36,66,100,8.3
491,Karlstad,SE,2022-05-04 16:10:41,59.3793,13.5036,55.96,30,100,10.36
492,Senador Pompeu,BR,2022-05-04 16:10:42,-5.5881,-39.3717,93.13,36,73,9.4
493,Lodja,CD,2022-05-04 16:10:42,-3.4833,23.4333,81.16,65,100,3.18
494,Punto Fijo,VE,2022-05-04 16:10:43,11.6956,-70.1996,85.17,65,27,28.43
495,Kahului,US,2022-05-04 16:07:42,20.8947,-156.47,73.85,85,20,12.66
496,Komsomolskiy,UZ,2022-05-04 16:10:43,40.4272,71.7189,70.52,56,75,6.91
497,Strezhevoy,RU,2022-05-04 16:10:44,60.7333,77.5889,45.18,56,59,14.09
498,Zhezkazgan,KZ,2022-05-04 16:10:45,47.8043,67.7144,54.57,68,37,9.86
499,Yendi,GH,2022-05-04 16:10:46,9.4427,-0.0099,102.33,24,100,4.61
500,Nedryhayliv,UA,2022-05-04 16:10:47,50.834,33.8763,49.62,54,46,15.01
501,Arlit,NE,2022-05-04 16:08:58,18.7369,7.3853,106.65,6,32,8.66
502,Halifax,CA,2022-05-04 16:07:51,44.6453,-63.5724,56.52,68,100,7.0
503,Avera,US,2022-05-04 16:10:48,33.194,-82.5271,82.54,49,81,6.93
504,Ixtapa,MX,2022-05-04 16:10:48,20.7,-105.2,78.03,69,0,5.75
505,Anloga,GH,2022-05-04 16:10:48,5.7947,0.8973,84.94,71,87,12.71
506,Otradnoye,RU,2022-05-04 16:10:49,59.7775,30.8181,44.04,57,77,8.57
507,Salym,RU,2022-05-04 16:10:50,60.0625,71.4789,49.68,51,24,9.69
508,Svetlyy,RU,2022-05-04 16:10:50,54.675,20.1347,53.65,49,34,8.66
509,Puerto Ayacucho,VE,2022-05-04 16:10:51,5.6639,-67.6236,91.67,51,57,3.71
510,Shache,CN,2022-05-04 16:10:52,38.4167,77.2406,79.23,12,92,5.59
511,Laguna,US,2022-05-04 16:09:53,38.421,-121.4238,74.08,56,0,5.75
512,Emerald,AU,2022-05-04 16:10:53,-23.5333,148.1667,70.75,78,23,10.49
513,Meulaboh,ID,2022-05-04 16:07:22,4.1363,96.1285,77.09,86,100,2.15
514,Walvis Bay,NA,2022-05-04 16:10:54,-22.9575,14.5053,76.08,40,0,11.5
515,Farafenni,GM,2022-05-04 16:10:54,13.5667,-15.6,102.94,13,20,4.79
516,Naze,JP,2022-05-04 16:10:55,28.3667,129.4833,70.72,71,100,16.55
517,Pinheiro Machado,BR,2022-05-04 16:10:56,-31.5783,-53.3811,62.06,81,74,11.07
518,Dulag,PH,2022-05-04 16:10:56,10.9525,125.0317,79.23,88,100,5.95
519,North Shore,NZ,2022-05-04 16:10:57,-36.8,174.75,60.53,88,55,3.0
520,Durban,ZA,2022-05-04 16:07:06,-29.8579,31.0292,72.01,86,0,4.0
521,Vinh,VN,2022-05-04 16:10:58,18.6667,105.6667,69.1,73,14,3.22
522,Umm Kaddadah,SD,2022-05-04 16:10:58,13.6017,26.6876,100.51,16,6,13.98
523,Chatakonda,IN,2022-05-04 16:10:59,17.55,80.65,92.48,42,19,7.0
524,Santa Ana,US,2022-05-04 16:10:34,33.7456,-117.8678,71.35,77,75,1.01
525,Lazarev,RU,2022-05-04 16:11:00,52.225,141.5131,30.36,92,99,5.39
526,Angra Dos Reis,BR,2022-05-04 16:11:00,-23.0067,-44.3181,79.45,79,31,5.77
527,Morant Bay,JM,2022-05-04 16:09:01,17.8815,-76.4093,89.71,72,11,14.07
528,Leningradskiy,RU,2022-05-04 16:11:01,69.3833,178.4167,2.73,95,58,6.17
529,Hamilton,US,2022-05-04 16:09:39,39.1834,-84.5333,57.72,84,100,10.36
530,Salgado,BR,2022-05-04 16:11:02,-11.0319,-37.475,84.9,52,68,9.44
531,Ballina,AU,2022-05-04 16:11:03,-28.8667,153.5667,66.02,99,12,5.32
532,Lewistown,US,2022-05-04 16:11:03,40.5992,-77.5714,67.12,100,75,0.0
533,Villazon,BO,2022-05-04 16:11:04,-22.0866,-65.5942,55.11,17,0,4.47
534,Matagami,CA,2022-05-04 16:11:04,49.7502,-77.6328,32.11,80,100,11.5
535,Dicabisagan,PH,2022-05-04 16:11:05,17.0818,122.4157,78.66,86,100,6.31
536,Teya,RU,2022-05-04 16:11:05,60.3778,92.6267,25.54,94,86,4.07
537,Zhangzhou,CN,2022-05-04 16:11:06,24.5133,117.6556,69.73,82,95,0.47
538,Abha,SA,2022-05-04 16:11:07,18.2164,42.5053,71.85,56,40,6.91
539,Awbari,LY,2022-05-04 16:11:07,26.5921,12.7805,94.3,10,0,16.33
540,Aswan,EG,2022-05-04 16:11:08,24.0934,32.907,94.98,17,0,18.32
541,Pulandian,CN,2022-05-04 16:11:08,39.3953,121.9669,62.92,54,43,8.97
542,Soyo,AO,2022-05-04 16:11:09,-6.1349,12.3689,80.53,85,64,12.64
543,Sorland,NO,2022-05-04 16:11:09,67.667,12.6934,37.26,88,100,15.14
544,Redcliffe,AU,2022-05-04 16:11:10,-27.2307,153.0973,67.89,93,20,5.75
545,San Vicente,AR,2022-05-04 16:11:11,-26.6167,-54.1333,54.93,99,100,3.04
546,Tulum,MX,2022-05-04 16:11:11,20.2167,-87.4667,83.86,70,72,8.41
547,Rzhyshchiv,UA,2022-05-04 16:11:12,49.9689,31.0463,53.51,54,86,15.46
548,Iroquois Falls,CA,2022-05-04 16:11:12,48.7669,-80.6831,41.22,67,84,8.55
549,Torres,BR,2022-05-04 16:11:13,-29.3353,-49.7269,67.82,95,99,15.82
550,Sao Joao Da Barra,BR,2022-05-04 16:11:13,-21.6403,-41.0511,91.49,64,4,14.63
551,Vung Tau,VN,2022-05-04 16:11:14,10.346,107.0843,82.31,75,100,2.66
552,Bonfim,BR,2022-05-04 16:07:31,3.0833,-59.95,84.43,61,100,8.37
553,Camana,PE,2022-05-04 16:11:15,-16.6228,-72.7111,70.48,76,82,7.96
554,Imbituba,BR,2022-05-04 16:11:15,-28.24,-48.6703,69.85,93,100,16.84
555,Kaysville,US,2022-05-04 16:08:10,41.0352,-111.9386,45.09,85,100,6.91
556,Orotukan,RU,2022-05-04 16:11:16,62.2667,151.7,18.77,88,13,7.23
557,Sumenep,ID,2022-05-04 16:07:23,-7.0167,113.8667,80.73,80,100,2.21
558,Preston,GB,2022-05-04 16:11:17,53.7667,-2.7167,56.66,76,40,14.97
559,Havre-Saint-Pierre,CA,2022-05-04 16:11:17,50.2334,-63.5986,40.46,82,100,10.04
560,Darovskoy,RU,2022-05-04 16:11:18,58.77,47.9564,41.05,64,61,6.71
561,Maragogi,BR,2022-05-04 16:11:19,-9.0122,-35.2225,84.34,69,37,9.24
562,Mandurah,AU,2022-05-04 16:11:19,-32.55,115.7,55.9,59,4,18.25
563,Grindavik,IS,2022-05-04 16:11:20,63.8424,-22.4338,37.87,60,75,8.05
564,Lasa,IT,2022-05-04 16:11:21,46.6166,10.7002,59.36,98,100,4.09
565,Esna,EG,2022-05-04 16:11:21,25.2934,32.554,89.46,16,0,16.13
566,George,ZA,2022-05-04 16:11:22,-33.963,22.4617,60.35,94,75,8.05
567,Karpogory,RU,2022-05-04 16:11:23,64.0019,44.4451,30.43,73,100,7.14
568,Luanda,AO,2022-05-04 16:09:37,-8.8368,13.2343,81.72,74,18,11.3
569,Providencia,MX,2022-05-04 16:11:24,28.7167,-111.5833,81.21,65,1,8.21
570,Hundorp,NO,2022-05-04 16:11:26,61.5552,9.9407,48.0,48,98,4.09
571,Muros,ES,2022-05-04 16:11:26,42.7762,-9.0603,73.69,55,12,15.23
572,Fredericksburg,US,2022-05-04 16:06:35,38.3032,-77.4605,72.75,92,100,3.44
573,Lumberton,US,2022-05-04 16:11:27,34.6182,-79.0086,86.92,57,0,5.75
574,Shingu,JP,2022-05-04 16:11:27,33.7333,135.9833,56.37,76,100,5.93
575,Nargana,PA,2022-05-04 16:11:28,9.4428,-78.5906,85.75,66,86,1.92
576,Makokou,GA,2022-05-04 16:11:29,0.5738,12.8642,76.42,88,100,3.09
577,Pinawa,CA,2022-05-04 16:11:31,50.1489,-95.8811,51.78,51,100,7.18
578,Raton,US,2022-05-04 16:11:31,36.9034,-104.4391,61.41,17,0,10.36
579,Southampton,GB,2022-05-04 16:06:38,50.904,-1.4043,63.81,59,40,8.05
580,Paysandu,UY,2022-05-04 16:11:32,-32.3214,-58.0756,67.6,61,0,3.44
581,Ust-Tsilma,RU,2022-05-04 16:11:32,65.441,52.1498,27.19,69,85,8.37
582,Hobyo,SO,2022-05-04 16:11:33,5.3505,48.5268,86.23,66,63,19.69
583,Hvolsvollur,IS,2022-05-04 16:11:34,63.7533,-20.2243,43.47,47,74,5.61
584,Bairiki,KI,2022-05-04 16:11:34,1.3292,172.9752,78.8,89,20,5.75
585,Bantogon,PH,2022-05-04 16:11:35,6.5333,124.0333,78.94,83,78,2.64
586,Bentiu,SS,2022-05-04 16:11:35,9.2333,29.8333,85.95,52,57,12.93
587,Sambava,MG,2022-05-04 16:11:36,-14.2667,50.1667,78.13,76,34,15.59
588,Araria,IN,2022-05-04 16:11:36,26.15,87.5167,86.79,49,90,9.24
589,Bazarnyye Mataki,RU,2022-05-04 16:11:37,54.8833,49.9333,48.02,88,93,9.82
