City_ID,City,Lat,Lng,Max Temp,Humidity,Cloudiness,Wind Speed,Current Description,Date,Country
0,Albany,42.6001,-73.9662,73.58,78,95,3.62,overcast clouds,2022-05-15 15:29:40,US
1,Mar Del Plata,-38.0023,-57.5575,54.95,74,75,16.11,broken clouds,2022-05-15 15:29:10,AR
2,Rikitea,-23.1203,-134.9692,77.45,67,100,19.26,overcast clouds,2022-05-15 15:31:22,PF
3,Kaabong,3.4836,34.1492,74.98,53,28,11.68,scattered clouds,2022-05-15 15:27:18,UG
4,Khatanga,71.9667,102.5,32.27,96,100,6.13,overcast clouds,2022-05-15 15:31:23,RU
5,Upernavik,72.7868,-56.1549,19.62,67,10,0.58,clear sky,2022-05-15 15:29:08,GL
6,Kapaa,22.0752,-159.319,73.72,95,20,14.97,light rain,2022-05-15 15:31:24,US
7,Hobart,-42.8794,147.3294,53.46,75,47,21.85,scattered clouds,2022-05-15 15:29:03,AU
8,Liepaja,56.5419,21.0367,53.58,71,0,8.05,clear sky,2022-05-15 15:31:25,LV
9,Punta Arenas,-53.15,-70.9167,42.91,81,0,13.8,clear sky,2022-05-15 15:31:25,CL
10,Yellowknife,62.456,-114.3525,43.32,61,75,10.36,broken clouds,2022-05-15 15:28:08,CA
11,Talnakh,69.4865,88.3972,36.7,98,100,10.87,overcast clouds,2022-05-15 15:30:01,RU
12,Eenhana,-17.4667,16.3333,78.58,24,18,4.65,few clouds,2022-05-15 15:31:26,NA
13,Ribeira Grande,38.5167,-28.7,59.4,82,75,14.97,light rain,2022-05-15 15:31:27,PT
14,Klaksvik,62.2266,-6.589,52.72,89,100,9.71,overcast clouds,2022-05-15 15:31:27,FO
15,Vaini,-21.2,-175.2,62.76,88,20,6.91,few clouds,2022-05-15 15:31:28,TO
16,Atuona,-9.8,-139.0333,78.21,77,11,18.34,light rain,2022-05-15 15:31:28,PF
17,Severo-Kurilsk,50.6789,156.125,36.97,97,100,15.64,moderate rain,2022-05-15 15:31:29,RU
18,Soyo,-6.1349,12.3689,80.33,79,22,10.83,few clouds,2022-05-15 15:31:29,AO
19,Bakloh,32.4667,75.9167,81.88,12,37,9.75,scattered clouds,2022-05-15 15:31:30,IN
20,Lebu,-37.6167,-73.65,57.06,44,100,2.71,overcast clouds,2022-05-15 15:31:30,CL
21,Kollo,13.3043,2.339,108.03,15,29,14.03,scattered clouds,2022-05-15 15:31:31,NE
22,Manggar,-2.8833,108.2667,82.51,79,62,4.92,broken clouds,2022-05-15 15:31:31,ID
23,Chokurdakh,70.6333,147.9167,3.38,97,62,4.83,broken clouds,2022-05-15 15:29:45,RU
24,Bluff,-46.6,168.3333,35.8,86,16,7.38,few clouds,2022-05-15 15:31:32,NZ
25,Mandalgovi,45.7625,106.2708,53.44,20,7,5.68,clear sky,2022-05-15 15:31:32,MN
26,Linfen,36.0889,111.5189,63.01,27,68,6.85,broken clouds,2022-05-15 15:31:33,CN
27,Faanui,-16.4833,-151.75,80.37,61,22,7.61,few clouds,2022-05-15 15:31:33,PF
28,Arraial Do Cabo,-22.9661,-42.0278,78.66,69,75,14.97,moderate rain,2022-05-15 15:31:34,BR
29,Beloha,-25.1667,45.05,68.99,76,0,9.62,clear sky,2022-05-15 15:31:34,MG
30,Vung Tau,10.346,107.0843,84.2,80,84,9.64,broken clouds,2022-05-15 15:31:35,VN
31,Saint-Philippe,-21.3585,55.7679,74.79,75,37,9.15,scattered clouds,2022-05-15 15:31:35,RE
32,East London,-33.0153,27.9116,67.14,82,0,4.61,clear sky,2022-05-15 15:31:36,ZA
33,Longyearbyen,78.2186,15.6401,31.84,74,75,3.44,broken clouds,2022-05-15 15:31:36,SJ
34,Aklavik,68.2191,-135.0107,26.6,93,100,5.75,light snow,2022-05-15 15:31:37,CA
35,Prien,30.1819,-93.2738,84.18,69,40,13.8,scattered clouds,2022-05-15 15:31:37,US
36,Carnarvon,-24.8667,113.6333,69.69,37,0,13.2,clear sky,2022-05-15 15:31:38,AU
37,Cape Town,-33.9258,18.4232,69.12,59,0,6.91,clear sky,2022-05-15 15:26:47,ZA
38,Mataura,-46.1927,168.8643,35.47,98,13,2.84,few clouds,2022-05-15 15:31:38,NZ
39,Busselton,-33.65,115.3333,54.41,78,85,5.21,overcast clouds,2022-05-15 15:31:39,AU
40,Mahebourg,-20.4081,57.7,73.69,88,20,6.91,few clouds,2022-05-15 15:31:40,MU
41,Kaitangata,-46.2817,169.8464,41.95,93,11,2.53,few clouds,2022-05-15 15:31:40,NZ
42,Tasiilaq,65.6145,-37.6368,32.16,96,100,23.11,snow,2022-05-15 15:30:56,GL
43,Yulara,-25.2406,130.9889,59.36,54,0,9.78,clear sky,2022-05-15 15:31:41,AU
44,Kupang,-10.1667,123.5833,77.34,89,9,7.02,clear sky,2022-05-15 15:31:41,ID
45,Berbera,10.4396,45.0143,92.34,35,1,6.58,clear sky,2022-05-15 15:31:42,SO
46,Vrede,-27.4257,29.1659,57.42,52,78,4.29,light rain,2022-05-15 15:31:42,ZA
47,Ponta Do Sol,32.6667,-17.1,77.0,65,50,8.37,scattered clouds,2022-05-15 15:31:43,PT
48,Hermanus,-34.4187,19.2345,64.85,59,0,9.08,clear sky,2022-05-15 15:31:43,ZA
49,Almaznyy,48.0448,40.045,57.69,66,75,10.0,broken clouds,2022-05-15 15:31:44,RU
50,Geraldton,-28.7667,114.6,59.41,77,4,2.3,clear sky,2022-05-15 15:31:29,AU
51,Turinskaya Sloboda,57.6232,64.3858,52.99,74,86,5.12,light rain,2022-05-15 15:31:45,RU
52,Ushuaia,-54.8,-68.3,40.66,87,0,9.22,clear sky,2022-05-15 15:31:30,AR
53,Butaritari,3.0707,172.7902,80.55,75,1,5.01,light rain,2022-05-15 15:29:34,KI
54,Matata,-37.8833,176.75,63.84,83,100,8.79,light rain,2022-05-15 15:31:46,NZ
55,Georgetown,5.4112,100.3354,82.35,90,20,1.14,few clouds,2022-05-15 15:29:37,MY
56,Codrington,-38.2667,141.9667,48.27,86,34,12.06,scattered clouds,2022-05-15 15:31:46,AU
57,Nizhnedevitsk,51.5419,38.3657,53.28,80,100,10.98,light rain,2022-05-15 15:31:47,RU
58,Barrow,71.2906,-156.7887,15.82,79,0,5.75,clear sky,2022-05-15 15:28:15,US
59,Sao Jose Da Coroa Grande,-8.8978,-35.1478,83.32,67,89,9.26,overcast clouds,2022-05-15 15:31:48,BR
60,Hithadhoo,-0.6,73.0833,83.66,70,92,10.16,overcast clouds,2022-05-15 15:29:12,MV
61,Spasskoye,44.6108,132.7969,44.46,88,93,9.28,overcast clouds,2022-05-15 15:31:48,RU
62,Los Llanos De Aridane,28.6585,-17.9182,69.55,79,20,5.75,few clouds,2022-05-15 15:31:49,ES
63,Qaanaaq,77.484,-69.3632,25.59,55,100,2.77,overcast clouds,2022-05-15 15:31:49,GL
64,Lagoa,39.05,-27.9833,58.06,81,93,20.89,light rain,2022-05-15 15:31:50,PT
65,Bethel,41.3712,-73.414,74.41,75,20,9.22,few clouds,2022-05-15 15:31:51,US
66,Ewa Beach,21.3156,-158.0072,75.15,75,100,6.91,overcast clouds,2022-05-15 15:31:52,US
67,Chuy,-33.6971,-53.4616,61.54,48,100,9.93,overcast clouds,2022-05-15 15:31:52,UY
68,Pacific Grove,36.6177,-121.9166,60.42,93,75,5.75,haze,2022-05-15 15:31:53,US
69,Agadez,19.75,10.25,92.95,10,0,10.27,clear sky,2022-05-15 15:31:53,NE
70,Gushikawa,26.3544,127.8686,67.62,88,100,6.91,overcast clouds,2022-05-15 15:31:54,JP
71,Saskylakh,71.9167,114.0833,33.73,99,100,6.31,light snow,2022-05-15 15:31:54,RU
72,Necochea,-38.5473,-58.7368,53.69,75,100,23.47,overcast clouds,2022-05-15 15:31:55,AR
73,Souillac,-20.5167,57.5167,73.78,88,20,6.91,few clouds,2022-05-15 15:31:56,MU
74,Taoudenni,22.6783,-3.9836,105.57,4,33,24.2,scattered clouds,2022-05-15 15:31:56,ML
75,New Norfolk,-42.7826,147.0587,53.1,74,53,8.99,broken clouds,2022-05-15 15:31:57,AU
76,Adrar,20.5022,-10.0711,105.4,7,11,18.61,few clouds,2022-05-15 15:31:58,MR
77,Port-Gentil,-0.7193,8.7815,85.96,79,40,10.36,thunderstorm,2022-05-15 15:31:59,GA
78,Bengkulu,-3.8004,102.2655,77.99,91,100,3.0,overcast clouds,2022-05-15 15:31:59,ID
79,Fairbanks,64.8378,-147.7164,42.1,63,40,10.36,scattered clouds,2022-05-15 15:32:00,US
80,San Patricio,28.017,-97.5169,84.09,60,5,10.16,clear sky,2022-05-15 15:29:41,US
81,Tuktoyaktuk,69.4541,-133.0374,26.6,86,100,14.97,light snow,2022-05-15 15:32:00,CA
82,Thompson,55.7435,-97.8558,35.76,93,100,11.5,light intensity drizzle,2022-05-15 15:31:35,CA
83,Derzhavinsk,51.1,66.3167,60.71,69,95,8.21,overcast clouds,2022-05-15 15:32:01,KZ
84,Vila Franca Do Campo,37.7167,-25.4333,63.01,68,99,17.6,overcast clouds,2022-05-15 15:32:01,PT
85,Kodiak,57.79,-152.4072,44.11,49,0,9.22,clear sky,2022-05-15 15:32:02,US
86,Hovd,48.0056,91.6419,61.56,16,55,3.76,broken clouds,2022-05-15 15:32:02,MN
87,Nikolskoye,59.7035,30.7861,53.49,61,90,8.84,overcast clouds,2022-05-15 15:32:03,RU
88,Spokane,47.6166,-117.3677,51.06,83,100,10.36,overcast clouds,2022-05-15 15:32:03,US
89,Sandy Springs,33.9243,-84.3785,77.7,73,100,3.44,overcast clouds,2022-05-15 15:32:04,US
90,Hasaki,35.7333,140.8333,61.29,78,100,9.89,light rain,2022-05-15 15:32:04,JP
91,Aguia Branca,-18.9831,-40.7403,80.31,56,90,2.77,overcast clouds,2022-05-15 15:32:05,BR
92,Tuatapere,-46.1333,167.6833,43.72,87,8,4.18,clear sky,2022-05-15 15:32:06,NZ
93,Saint George,37.1041,-113.5841,66.79,16,0,4.61,clear sky,2022-05-15 15:32:06,US
94,Auki,-8.7676,160.7034,77.11,84,26,0.2,scattered clouds,2022-05-15 15:32:07,SB
95,Cherskiy,68.75,161.3,19.92,91,100,3.94,overcast clouds,2022-05-15 15:30:43,RU
96,Germantown,39.1732,-77.2717,76.75,80,100,1.01,overcast clouds,2022-05-15 15:30:46,US
97,Baykit,61.67,96.37,53.96,56,3,3.27,clear sky,2022-05-15 15:32:08,RU
98,Sao Joao Da Barra,-21.6403,-41.0511,80.69,70,27,14.38,scattered clouds,2022-05-15 15:32:09,BR
99,Vardo,70.3705,31.1107,40.98,87,75,8.05,broken clouds,2022-05-15 15:32:09,NO
100,Narsaq,60.9167,-46.05,44.82,62,42,7.38,scattered clouds,2022-05-15 15:32:10,GL
101,Bullhead City,35.1478,-114.5683,91.94,7,0,0.0,clear sky,2022-05-15 15:30:31,US
102,Surin,14.8818,103.4936,89.42,88,86,6.46,overcast clouds,2022-05-15 15:32:11,TH
103,Manta,-0.95,-80.7333,80.38,78,75,0.0,broken clouds,2022-05-15 15:32:11,EC
104,San Cristobal,7.7669,-72.225,82.58,51,99,8.3,overcast clouds,2022-05-15 15:31:44,VE
105,Ati,13.2154,18.3353,99.7,23,99,6.93,overcast clouds,2022-05-15 15:32:12,TD
106,Olafsvik,64.8945,-23.7142,46.45,95,100,13.67,overcast clouds,2022-05-15 15:32:12,IS
107,Rawson,-43.3002,-65.1023,53.64,63,17,21.27,few clouds,2022-05-15 15:32:13,AR
108,Honiara,-9.4333,159.95,76.95,87,30,3.18,scattered clouds,2022-05-15 15:32:13,SB
109,Kango,0.1943,10.0951,86.05,76,82,1.5,light rain,2022-05-15 15:32:14,GA
110,Hami,42.8,93.45,72.0,6,52,8.32,broken clouds,2022-05-15 15:32:15,CN
111,Provideniya,64.3833,-173.3,34.77,79,39,7.65,scattered clouds,2022-05-15 15:32:15,RU
112,Port Alfred,-33.5906,26.891,67.17,83,35,1.99,scattered clouds,2022-05-15 15:32:16,ZA
113,Tiksi,71.6872,128.8694,1.62,100,76,2.86,broken clouds,2022-05-15 15:32:16,RU
114,Kalmunai,7.4167,81.8167,82.38,72,97,5.57,overcast clouds,2022-05-15 15:32:17,LK
115,Nalut,30.3333,10.85,87.84,11,3,4.45,clear sky,2022-05-15 15:32:17,LY
116,Harper,4.375,-7.7169,82.69,80,95,7.43,light rain,2022-05-15 15:32:18,LR
117,Busdi,8.2761,125.2514,68.49,98,100,1.23,overcast clouds,2022-05-15 15:32:19,PH
118,Nanortalik,60.1432,-45.2371,31.37,71,53,10.0,broken clouds,2022-05-15 15:32:19,GL
119,Voh,-20.9667,164.7,69.51,86,22,5.37,few clouds,2022-05-15 15:32:20,NC
120,Jalu,29.0331,21.5482,85.44,18,0,11.3,clear sky,2022-05-15 15:32:20,LY
121,Doha,25.2867,51.5333,93.51,35,0,4.61,clear sky,2022-05-15 15:31:43,QA
122,Malakal,9.5334,31.6605,81.36,59,90,8.66,light rain,2022-05-15 15:32:21,SS
123,Neyshabur,36.2133,58.7958,70.57,23,0,6.53,clear sky,2022-05-15 15:32:22,IR
124,Wakkanai,45.4094,141.6739,48.02,76,3,31.12,clear sky,2022-05-15 15:32:22,JP
125,Molochnoye,59.2917,39.6787,46.27,93,100,2.57,light rain,2022-05-15 15:32:23,RU
126,Jamestown,42.097,-79.2353,73.04,68,75,9.22,broken clouds,2022-05-15 15:29:05,US
127,Katsuura,35.1333,140.3,63.86,82,100,2.55,light rain,2022-05-15 15:32:23,JP
128,Coahuayana,18.7333,-103.6833,89.46,36,75,4.76,broken clouds,2022-05-15 15:32:24,MX
129,Smithers,54.7804,-127.1743,41.32,81,75,4.61,light rain,2022-05-15 15:30:13,CA
130,Victoria,22.2855,114.1577,71.94,94,100,15.99,overcast clouds,2022-05-15 15:28:49,HK
131,Abu Samrah,35.3029,37.1841,72.91,46,33,21.88,scattered clouds,2022-05-15 15:32:25,SY
132,Guerrero Negro,27.9769,-114.0611,69.21,57,33,10.49,scattered clouds,2022-05-15 15:32:25,MX
133,Payson,40.0444,-111.7321,70.39,48,1,1.99,clear sky,2022-05-15 15:32:26,US
134,Nefteyugansk,61.0998,72.6035,58.89,55,76,8.46,broken clouds,2022-05-15 15:29:10,RU
135,Gazanjyk,39.2446,55.5154,83.14,17,0,10.74,clear sky,2022-05-15 15:32:26,TM
136,Bambous Virieux,-20.3428,57.7575,73.65,88,20,6.91,light rain,2022-05-15 15:32:27,MU
137,Abha,18.2164,42.5053,80.42,5,0,16.11,clear sky,2022-05-15 15:32:27,SA
138,Matara,5.9485,80.5353,78.78,90,94,9.28,light rain,2022-05-15 15:30:07,LK
139,Taltal,-25.4,-70.4833,63.64,71,15,2.1,few clouds,2022-05-15 15:32:28,CL
140,Sibu,2.3,111.8167,77.31,94,40,0.0,moderate rain,2022-05-15 15:32:29,MY
141,Ust-Ishim,57.6935,71.1665,58.06,55,86,8.25,overcast clouds,2022-05-15 15:32:29,RU
142,Husavik,66.0449,-17.3389,51.06,73,93,8.9,overcast clouds,2022-05-15 15:29:35,IS
143,San Quintin,30.4833,-115.95,70.41,55,6,5.7,clear sky,2022-05-15 15:32:30,MX
144,Ostrovnoy,68.0531,39.5131,37.81,80,46,8.57,scattered clouds,2022-05-15 15:32:31,RU
145,Svetlyy,54.675,20.1347,53.65,74,6,10.69,clear sky,2022-05-15 15:32:31,RU
146,Mizdah,31.4451,12.9801,87.39,12,5,2.95,clear sky,2022-05-15 15:32:31,LY
147,Iqaluit,63.7506,-68.5145,24.53,68,40,12.66,scattered clouds,2022-05-15 15:30:16,CA
148,Atar,20.5169,-13.0499,108.97,7,24,14.03,few clouds,2022-05-15 15:32:32,MR
149,Vila Velha,-20.3297,-40.2925,78.75,65,75,9.22,broken clouds,2022-05-15 15:32:03,BR
150,Bredasdorp,-34.5322,20.0403,62.56,72,0,10.31,clear sky,2022-05-15 15:28:49,ZA
151,Ternate,0.8,127.4,80.13,81,98,6.73,overcast clouds,2022-05-15 15:32:33,ID
152,Valley Station,38.1112,-85.8702,79.3,65,20,3.44,few clouds,2022-05-15 15:32:34,US
153,Christchurch,-43.5333,172.6333,52.0,93,75,5.75,broken clouds,2022-05-15 15:32:04,NZ
154,Avera,33.194,-82.5271,82.45,50,100,5.12,overcast clouds,2022-05-15 15:32:34,US
155,Goure,13.9835,10.2704,102.02,7,99,16.89,overcast clouds,2022-05-15 15:32:35,NE
156,Leningradskiy,69.3833,178.4167,21.27,90,99,8.86,overcast clouds,2022-05-15 15:29:21,RU
157,Cayenne,4.9333,-52.3333,85.08,1,75,11.5,broken clouds,2022-05-15 15:32:40,GF
158,Lockhart,28.6194,-81.4426,88.27,64,75,4.61,broken clouds,2022-05-15 15:32:40,US
159,Pangnirtung,66.1451,-65.7125,24.48,85,10,5.19,clear sky,2022-05-15 15:32:41,CA
160,Rocha,-34.4833,-54.3333,60.1,47,99,12.48,overcast clouds,2022-05-15 15:32:41,UY
161,Puerto Narino,-3.7703,-70.3831,73.81,100,100,2.13,moderate rain,2022-05-15 15:32:42,CO
162,Caravelas,-17.7125,-39.2481,79.88,55,72,7.56,broken clouds,2022-05-15 15:32:42,BR
163,Alofi,-19.0595,-169.9187,62.49,94,100,0.0,overcast clouds,2022-05-15 15:32:43,NU
164,Avarua,-21.2078,-159.775,69.85,83,40,4.61,scattered clouds,2022-05-15 15:32:43,CK
165,Saldanha,-33.0117,17.9442,73.45,73,0,10.98,clear sky,2022-05-15 15:32:44,ZA
166,Luderitz,-26.6481,15.1594,70.39,39,25,6.6,scattered clouds,2022-05-15 15:32:44,NA
167,Novoagansk,61.9449,76.6625,54.86,70,85,4.59,overcast clouds,2022-05-15 15:32:45,RU
168,Qingdao,36.0986,120.3719,56.8,82,47,6.71,scattered clouds,2022-05-15 15:30:24,CN
169,Mackay,-21.15,149.2,68.68,86,0,5.64,clear sky,2022-05-15 15:31:24,AU
170,Buraydah,26.326,43.975,97.25,9,0,8.14,clear sky,2022-05-15 15:32:46,SA
171,Airai,-8.9266,125.4092,60.78,96,85,1.92,overcast clouds,2022-05-15 15:32:46,TL
172,Shahr-E Babak,30.1165,55.1186,68.72,12,0,11.59,clear sky,2022-05-15 15:32:47,IR
173,Terrace,54.5163,-128.6035,44.51,93,100,0.0,light rain,2022-05-15 15:32:47,CA
174,Hamilton,39.1834,-84.5333,78.62,71,40,1.99,scattered clouds,2022-05-15 15:29:09,US
175,Gasa,31.5,34.4667,75.88,60,0,11.54,clear sky,2022-05-15 15:29:38,PS
176,Dandong,40.1292,124.3947,48.04,91,7,5.48,clear sky,2022-05-15 15:32:48,CN
177,Asimion,35.05,25.1,70.84,54,0,4.65,clear sky,2022-05-15 15:32:49,GR
178,Senanga,-16.1167,23.2667,72.46,37,21,5.57,few clouds,2022-05-15 15:32:50,ZM
179,Victor Harbor,-35.5667,138.6167,57.0,79,41,14.47,scattered clouds,2022-05-15 15:32:50,AU
180,Kishtwar,33.3167,75.7667,65.98,41,57,7.0,broken clouds,2022-05-15 15:32:51,IN
181,Prince Rupert,54.3161,-130.3201,44.69,95,100,9.22,light rain,2022-05-15 15:31:31,CA
182,Makakilo City,21.3469,-158.0858,73.72,75,100,6.91,overcast clouds,2022-05-15 15:32:52,US
183,Sawakin,19.1059,37.3321,91.11,43,0,3.31,clear sky,2022-05-15 15:32:52,SD
184,Leh,34.1667,77.5833,52.29,29,61,7.85,broken clouds,2022-05-15 15:32:53,IN
185,Karakol,42.4907,78.3936,48.54,83,100,4.7,overcast clouds,2022-05-15 15:32:53,KG
186,Fortuna,40.5982,-124.1573,58.93,94,75,0.0,broken clouds,2022-05-15 15:32:54,US
187,Ixtapa,20.7,-105.2,74.43,69,0,3.44,clear sky,2022-05-15 15:32:54,MX
188,Kolno,53.4115,21.9291,58.1,55,27,11.48,scattered clouds,2022-05-15 15:32:55,PL
189,Kropotkin,45.4375,40.5756,62.2,76,43,9.06,scattered clouds,2022-05-15 15:32:55,RU
190,Xam Nua,20.4197,104.0439,66.83,99,100,3.2,overcast clouds,2022-05-15 15:32:56,LA
191,Galich,58.3797,42.3475,46.83,90,100,5.61,overcast clouds,2022-05-15 15:32:56,RU
192,Erzin,36.9559,36.2,63.84,79,60,6.2,broken clouds,2022-05-15 15:32:57,TR
193,Kathmandu,27.7167,85.3167,73.62,94,75,4.61,thunderstorm,2022-05-15 15:32:11,NP
194,Castro,-24.7911,-50.0119,59.07,93,99,6.89,overcast clouds,2022-05-15 15:32:57,BR
195,Mortka,59.3322,66.0214,51.46,80,99,5.86,overcast clouds,2022-05-15 15:32:58,RU
196,Satipo,-11.2522,-74.6386,85.08,57,62,1.74,broken clouds,2022-05-15 15:32:58,PE
197,Sitka,57.0531,-135.33,48.09,61,100,5.75,overcast clouds,2022-05-15 15:32:59,US
198,Lubango,-14.9172,13.4925,80.46,16,75,6.91,broken clouds,2022-05-15 15:32:59,AO
199,Porto Novo,6.4965,2.6036,89.42,62,30,9.6,scattered clouds,2022-05-15 15:33:00,BJ
200,Tahta,26.7693,31.5021,90.0,11,71,20.36,broken clouds,2022-05-15 15:33:00,EG
201,Amga,60.8953,131.9608,31.03,96,100,9.06,light snow,2022-05-15 15:33:01,RU
202,Narasannapeta,18.4167,84.05,84.51,83,2,9.73,clear sky,2022-05-15 15:33:01,IN
203,Pelym,61.0108,61.9978,51.98,74,64,5.1,light rain,2022-05-15 15:33:02,RU
204,Leshukonskoye,64.8989,45.7622,53.76,69,71,8.95,broken clouds,2022-05-15 15:33:02,RU
205,Aljezur,37.3191,-8.8033,69.21,65,52,11.3,broken clouds,2022-05-15 15:33:03,PT
206,Puerto Ayora,-0.7393,-90.3518,78.76,92,61,5.99,broken clouds,2022-05-15 15:33:03,EC
207,Haines Junction,60.7522,-137.5108,30.88,92,91,2.33,overcast clouds,2022-05-15 15:33:04,CA
208,Teguldet,57.3064,88.1667,61.7,74,99,2.62,light rain,2022-05-15 15:33:04,RU
209,Sao Borja,-28.6606,-56.0044,59.95,71,74,13.31,broken clouds,2022-05-15 15:33:05,BR
210,Port Elizabeth,-33.918,25.5701,67.1,84,0,6.91,clear sky,2022-05-15 15:33:05,ZA
211,Boca Do Acre,-8.7522,-67.3978,84.04,80,100,2.91,overcast clouds,2022-05-15 15:33:06,BR
212,Flinders,-34.5833,150.8552,61.05,86,0,4.0,clear sky,2022-05-15 15:29:59,AU
213,Port Hardy,50.6996,-127.4199,48.2,93,100,0.0,light rain,2022-05-15 15:32:18,CA
214,Shakawe,-18.3667,21.85,74.14,23,10,5.95,clear sky,2022-05-15 15:33:07,BW
215,Fengrun,39.8333,118.1167,61.52,29,63,3.65,broken clouds,2022-05-15 15:33:08,CN
216,Constitucion,-35.3333,-72.4167,63.36,42,78,1.57,broken clouds,2022-05-15 15:33:08,CL
217,Muros,42.7762,-9.0603,67.15,79,100,18.99,light rain,2022-05-15 15:33:09,ES
218,Hervey Bay,-25.2986,152.8535,71.02,96,78,4.0,broken clouds,2022-05-15 15:33:09,AU
219,Coquimbo,-29.9533,-71.3436,55.13,82,100,3.44,overcast clouds,2022-05-15 15:33:10,CL
220,Beidao,34.5686,105.8933,52.66,83,100,5.59,overcast clouds,2022-05-15 15:33:10,CN
221,Dilla,6.41,38.31,67.03,75,91,5.1,overcast clouds,2022-05-15 15:33:11,ET
222,Barcelos,41.5388,-8.6151,69.85,64,100,14.45,overcast clouds,2022-05-15 15:33:11,PT
223,Igaci,-9.5369,-36.6336,82.72,66,100,11.16,overcast clouds,2022-05-15 15:33:12,BR
224,Flin Flon,54.7682,-101.865,35.44,80,100,14.97,overcast clouds,2022-05-15 15:33:12,CA
225,Dikson,73.5069,80.5464,33.28,99,100,9.17,overcast clouds,2022-05-15 15:30:50,RU
226,Ulaanbaatar,47.9077,106.8832,41.13,36,0,4.47,clear sky,2022-05-15 15:33:13,MN
227,Ahipara,-35.1667,173.1667,64.49,87,98,12.15,overcast clouds,2022-05-15 15:33:13,NZ
228,Worland,44.0169,-107.9554,58.35,72,0,4.61,clear sky,2022-05-15 15:33:14,US
229,Kungurtug,50.5994,97.5228,49.66,40,4,1.48,clear sky,2022-05-15 15:30:32,RU
230,Sapele,5.8941,5.6767,86.67,70,96,5.1,light rain,2022-05-15 15:33:15,NG
231,Avanigadda,16.0215,80.9181,86.65,74,4,10.22,clear sky,2022-05-15 15:33:15,IN
232,Upata,8.0086,-62.3989,84.2,60,99,8.01,overcast clouds,2022-05-15 15:33:16,VE
233,Zheleznodorozhnyy,55.7503,38.0042,59.43,65,92,8.52,light rain,2022-05-15 15:33:16,RU
234,Oyama,36.3,139.8,64.58,73,100,6.38,light rain,2022-05-15 15:33:16,JP
235,Nsunga,-1.1439,31.3947,66.15,92,74,3.51,broken clouds,2022-05-15 15:33:17,TZ
236,Clyde River,70.4692,-68.5914,23.23,80,75,5.75,broken clouds,2022-05-15 15:32:45,CA
237,Tawau,4.2498,117.8871,77.13,88,37,10.0,light rain,2022-05-15 15:33:18,MY
238,Tornio,65.8481,24.1466,50.02,63,69,2.42,broken clouds,2022-05-15 15:33:18,FI
239,Mao,39.8885,4.2658,75.76,35,0,12.66,clear sky,2022-05-15 15:33:19,ES
240,Dongsheng,39.8161,109.9776,52.43,18,2,9.82,clear sky,2022-05-15 15:33:19,CN
241,Teahupoo,-17.8333,-149.2667,67.96,75,34,13.98,light rain,2022-05-15 15:30:19,PF
242,Severobaykalsk,55.65,109.3167,41.92,64,53,3.44,broken clouds,2022-05-15 15:33:20,RU
243,Awjilah,29.1081,21.2869,85.24,19,0,11.74,clear sky,2022-05-15 15:33:20,LY
244,Pevek,69.7008,170.3133,15.19,92,100,3.85,overcast clouds,2022-05-15 15:29:05,RU
245,Svetlogorsk,52.6333,29.7333,55.89,63,98,10.45,overcast clouds,2022-05-15 15:33:21,BY
246,Port Lincoln,-34.7333,135.8667,59.61,69,60,15.86,broken clouds,2022-05-15 15:30:48,AU
247,Luba,3.4568,8.5547,83.19,76,83,6.04,broken clouds,2022-05-15 15:33:22,GQ
248,Padang,-0.9492,100.3543,78.85,89,40,4.09,scattered clouds,2022-05-15 15:33:22,ID
249,Alice Springs,-23.7,133.8833,62.15,59,100,0.0,overcast clouds,2022-05-15 15:31:27,AU
250,Petropavlovsk-Kamchatskiy,53.0452,158.6483,36.19,100,100,13.42,light intensity shower rain,2022-05-15 15:33:23,RU
251,Saint-Joseph,-21.3667,55.6167,73.78,73,21,10.42,few clouds,2022-05-15 15:33:23,RE
252,Vanimo,-2.6741,141.3028,79.59,80,85,2.13,overcast clouds,2022-05-15 15:33:24,PG
253,Hit,33.6416,42.8251,93.15,14,9,4.54,clear sky,2022-05-15 15:33:24,IQ
254,Port Hedland,-20.3167,118.5667,77.05,57,75,5.75,broken clouds,2022-05-15 15:33:25,AU
255,Loa Janan,-0.583,117.095,75.49,96,69,1.61,broken clouds,2022-05-15 15:33:25,ID
256,Arica,-18.475,-70.3042,65.75,68,100,1.14,overcast clouds,2022-05-15 15:33:26,CL
257,Tayoltita,24.0833,-105.9333,87.53,29,100,3.11,overcast clouds,2022-05-15 15:33:26,MX
258,Ballyhaunis,53.7667,-8.7667,66.78,63,40,12.66,scattered clouds,2022-05-15 15:33:27,IE
259,Udachnyy,66.4167,112.4,35.83,92,100,5.21,overcast clouds,2022-05-15 15:33:28,RU
260,Shchors,51.8186,31.945,54.97,72,82,12.06,light rain,2022-05-15 15:33:28,UA
261,Cascais,38.6979,-9.4215,71.51,71,75,15.99,broken clouds,2022-05-15 15:33:29,PT
262,Montepuez,-13.1256,38.9997,71.8,55,100,3.58,overcast clouds,2022-05-15 15:33:29,MZ
263,Khromtau,50.2503,58.4347,54.19,84,95,15.75,light rain,2022-05-15 15:33:30,KZ
264,Laguna,38.421,-121.4238,77.97,64,0,5.75,clear sky,2022-05-15 15:32:45,US
265,Uruzgan,32.8333,66.0,69.71,24,0,3.53,clear sky,2022-05-15 15:33:30,AF
266,Storforshei,66.4043,14.5233,41.77,84,75,3.44,broken clouds,2022-05-15 15:33:31,NO
267,Broome,42.2506,-75.833,76.62,64,100,10.36,overcast clouds,2022-05-15 15:33:31,US
268,Tessalit,20.1986,1.0114,105.78,5,0,10.49,clear sky,2022-05-15 15:33:32,ML
269,Mayo,38.8876,-76.5119,74.12,93,100,0.0,overcast clouds,2022-05-15 15:30:43,US
270,Omagh,54.6,-7.3,60.82,85,50,10.02,scattered clouds,2022-05-15 15:33:33,GB
271,Cabo San Lucas,22.8909,-109.9124,84.61,46,0,0.0,clear sky,2022-05-15 15:33:07,MX
272,Belmonte,-15.8631,-38.8828,76.1,80,100,7.81,overcast clouds,2022-05-15 15:33:33,BR
273,Bastrop,32.7562,-91.8724,84.69,74,1,1.01,clear sky,2022-05-15 15:33:34,US
274,Aykhal,66.0,111.5,35.96,91,100,4.27,overcast clouds,2022-05-15 15:33:34,RU
275,Pangoa,-12.1167,-73.0,85.6,53,53,3.67,broken clouds,2022-05-15 15:33:35,PE
276,Sfantu Gheorghe,45.8667,25.7833,72.86,50,73,8.3,broken clouds,2022-05-15 15:33:35,RO
277,Lavumisa,-27.31,31.892,66.25,85,71,4.27,light rain,2022-05-15 15:33:36,SZ
278,Kralendijk,12.15,-68.2667,87.78,66,75,21.85,broken clouds,2022-05-15 15:33:37,BQ
279,Dunedin,-45.8742,170.5036,48.79,88,43,5.97,scattered clouds,2022-05-15 15:30:32,NZ
280,Jakar,27.5492,90.7525,57.78,99,100,2.26,overcast clouds,2022-05-15 15:33:37,BT
281,Micheweni,-4.9667,39.8333,79.16,79,7,12.46,light rain,2022-05-15 15:33:38,TZ
282,Rubtsovsk,51.5,81.25,58.87,75,18,8.05,few clouds,2022-05-15 15:33:38,RU
283,Yumen,40.2833,97.2,55.83,9,50,10.04,scattered clouds,2022-05-15 15:33:39,CN
284,Torbay,47.6666,-52.7314,38.26,91,88,14.0,light rain,2022-05-15 15:30:08,CA
285,Kieta,-6.2167,155.6333,79.43,83,100,1.77,overcast clouds,2022-05-15 15:33:39,PG
286,Cidreira,-30.1811,-50.2056,64.15,88,100,11.72,overcast clouds,2022-05-15 15:33:40,BR
287,Ukiah,39.1502,-123.2078,63.37,82,0,9.22,clear sky,2022-05-15 15:30:03,US
288,Paraiso,9.8383,-83.8656,78.89,71,87,3.22,overcast clouds,2022-05-15 15:33:41,CR
289,Rosarito,32.3333,-117.0333,79.41,58,97,5.21,overcast clouds,2022-05-15 15:33:41,MX
290,Portland,45.5234,-122.6762,61.86,85,75,5.75,broken clouds,2022-05-15 15:30:03,US
291,Ribeirao Branco,-24.2208,-48.7656,62.58,93,95,7.25,overcast clouds,2022-05-15 15:33:42,BR
292,Nogliki,51.8333,143.1667,32.94,90,92,8.14,overcast clouds,2022-05-15 15:33:42,RU
293,Shimoda,34.6667,138.95,58.1,81,100,3.98,light rain,2022-05-15 15:33:43,JP
294,Camocim,-2.9022,-40.8411,84.24,75,100,9.84,overcast clouds,2022-05-15 15:33:43,BR
295,Anadyr,64.75,177.4833,32.5,93,0,6.71,clear sky,2022-05-15 15:33:44,RU
296,Nanakuli,21.3906,-158.1547,75.15,72,100,4.61,overcast clouds,2022-05-15 15:33:44,US
297,Zhigansk,66.7697,123.3711,22.44,88,7,9.55,clear sky,2022-05-15 15:33:45,RU
298,Sakakah,29.9697,40.2064,103.57,9,31,9.8,scattered clouds,2022-05-15 15:33:45,SA
299,Pitimbu,-7.4706,-34.8086,82.99,76,100,9.86,overcast clouds,2022-05-15 15:33:35,BR
300,Ihosy,-22.4,46.1167,66.83,72,81,6.98,broken clouds,2022-05-15 15:33:46,MG
301,Hays,30.0502,-98.0336,86.27,61,1,4.0,clear sky,2022-05-15 15:33:47,US
302,Biak,-0.9131,122.8766,77.79,87,82,1.97,broken clouds,2022-05-15 15:33:47,ID
303,Hachinohe,40.5,141.5,43.92,87,20,7.07,few clouds,2022-05-15 15:33:48,JP
304,Zabol,32.25,67.25,68.79,22,0,15.84,clear sky,2022-05-15 15:33:48,AF
305,Chaihe,44.7667,129.7,42.37,84,93,3.44,overcast clouds,2022-05-15 15:33:49,CN
306,Yankton,42.8711,-97.3973,61.12,72,100,14.97,overcast clouds,2022-05-15 15:33:49,US
307,Locri,38.2414,16.2623,72.39,56,0,1.61,clear sky,2022-05-15 15:33:50,IT
308,Ancud,-41.8697,-73.8203,52.32,66,65,8.99,broken clouds,2022-05-15 15:31:25,CL
309,Berat,40.7058,19.9522,75.96,61,1,5.68,clear sky,2022-05-15 15:33:51,AL
310,Sorland,67.667,12.6934,40.86,85,98,25.81,overcast clouds,2022-05-15 15:33:51,NO
311,Port Blair,11.6667,92.75,82.13,80,100,17.49,overcast clouds,2022-05-15 15:33:52,IN
312,Saint-Pierre,-21.3393,55.4781,74.88,64,0,13.8,clear sky,2022-05-15 15:33:52,RE
313,Petatlan,17.5167,-101.2667,85.8,46,77,5.73,broken clouds,2022-05-15 15:33:53,MX
314,Bansud,12.865,121.4564,78.51,86,100,2.95,moderate rain,2022-05-15 15:33:53,PH
315,Ochamchira,42.7121,41.4721,60.15,81,84,2.98,broken clouds,2022-05-15 15:33:54,GE
316,Saint Anthony,45.0205,-93.218,70.11,46,0,9.22,clear sky,2022-05-15 15:33:54,US
317,Bela,25.9333,81.9833,98.94,9,1,7.87,clear sky,2022-05-15 15:33:55,IN
318,Broken Hill,-31.95,141.4333,56.86,50,0,5.32,clear sky,2022-05-15 15:31:25,AU
319,Naze,28.3667,129.4833,63.52,86,100,12.73,overcast clouds,2022-05-15 15:33:56,JP
320,Launceston,-41.45,147.1667,53.8,76,63,21.85,broken clouds,2022-05-15 15:33:56,AU
321,Norman Wells,65.282,-126.8329,32.04,93,100,4.61,overcast clouds,2022-05-15 15:33:57,CA
322,Fort Nelson,58.8053,-122.7002,36.99,93,20,4.61,few clouds,2022-05-15 15:32:37,CA
323,Gizo,-8.103,156.8419,81.75,76,14,5.08,light rain,2022-05-15 15:33:58,SB
324,Tura,25.5198,90.2201,73.71,96,53,6.67,broken clouds,2022-05-15 15:33:58,IN
325,Acapulco,16.8634,-99.8901,85.82,54,40,3.44,scattered clouds,2022-05-15 15:32:54,MX
326,Karera,25.4667,78.15,102.69,13,76,14.32,broken clouds,2022-05-15 15:33:59,IN
327,Mount Isa,-20.7333,139.5,65.97,68,0,8.05,clear sky,2022-05-15 15:33:59,AU
328,Hisar,29.1667,75.7167,102.79,6,14,9.13,few clouds,2022-05-15 15:34:00,IN
329,Mahajanga,-15.7167,46.3167,78.82,65,20,2.3,few clouds,2022-05-15 15:34:00,MG
330,Shafranovo,53.9667,54.7667,53.22,75,88,3.31,overcast clouds,2022-05-15 15:34:01,RU
331,Tabou,4.423,-7.3528,83.55,75,100,7.83,overcast clouds,2022-05-15 15:33:22,CI
332,Windhoek,-22.5594,17.0832,79.0,16,0,6.91,clear sky,2022-05-15 15:32:26,NA
333,Severodvinsk,64.5635,39.8302,66.31,69,55,12.77,broken clouds,2022-05-15 15:34:02,RU
334,Kloulklubed,7.0419,134.2556,72.1,72,18,3.11,few clouds,2022-05-15 15:34:02,PW
335,Dukat,62.55,155.55,30.61,98,100,3.91,overcast clouds,2022-05-15 15:34:03,RU
336,Ribas Do Rio Pardo,-20.4431,-53.7592,73.33,78,99,5.28,overcast clouds,2022-05-15 15:34:03,BR
337,Lazaro Cardenas,17.9583,-102.2,86.02,51,71,4.29,broken clouds,2022-05-15 15:34:04,MX
338,Te Anau,-45.4167,167.7167,44.08,90,9,0.89,clear sky,2022-05-15 15:29:49,NZ
339,Fernie,49.5,-115.0687,48.88,76,99,3.78,overcast clouds,2022-05-15 15:34:05,CA
340,Jardim,-21.4803,-56.1381,67.14,93,100,5.88,overcast clouds,2022-05-15 15:34:05,BR
341,Riacho De Santana,-13.6092,-42.9389,89.69,32,100,2.44,overcast clouds,2022-05-15 15:34:06,BR
342,Nemuro,43.3236,145.575,43.56,86,1,11.03,clear sky,2022-05-15 15:34:06,JP
343,Timra,62.487,17.3257,51.48,32,100,20.71,overcast clouds,2022-05-15 15:34:07,SE
344,Omaruru,-21.4333,15.9333,78.46,16,0,11.74,clear sky,2022-05-15 15:34:07,NA
345,Kushima,31.4583,131.2333,56.14,86,100,4.45,overcast clouds,2022-05-15 15:34:12,JP
346,Santa Maria,-29.6842,-53.8069,60.1,94,100,5.75,overcast clouds,2022-05-15 15:34:12,BR
347,Vao,-22.6667,167.4833,73.29,70,3,16.26,clear sky,2022-05-15 15:32:41,NC
348,Panzhihua,26.5851,101.7128,58.51,90,100,3.22,overcast clouds,2022-05-15 15:34:13,CN
349,Fulton,33.7668,-84.4499,81.32,71,100,6.91,overcast clouds,2022-05-15 15:34:13,US
350,Whitianga,-36.8333,175.7,63.59,85,100,13.33,light rain,2022-05-15 15:34:14,NZ
351,Qasigiannguit,68.8193,-51.1922,25.05,65,6,4.59,clear sky,2022-05-15 15:34:14,GL
352,Marystown,47.1666,-55.1483,47.86,100,90,8.99,overcast clouds,2022-05-15 15:31:55,CA
353,San Juan,-31.5375,-68.5364,53.62,40,100,3.85,overcast clouds,2022-05-15 15:31:40,AR
354,Guanica,17.9716,-66.908,89.51,63,39,17.67,scattered clouds,2022-05-15 15:34:15,PR
355,Itarema,-2.9248,-39.9167,84.13,74,97,14.05,overcast clouds,2022-05-15 15:34:16,BR
356,Beringovskiy,63.05,179.3167,37.11,75,96,8.55,overcast clouds,2022-05-15 15:31:01,RU
357,Hilo,19.7297,-155.09,70.29,96,100,8.05,moderate rain,2022-05-15 15:34:16,US
358,Rybachiy,48.7073,44.7449,67.86,49,100,9.89,overcast clouds,2022-05-15 15:34:17,RU
359,Grindavik,63.8424,-22.4338,55.35,87,75,24.16,broken clouds,2022-05-15 15:34:17,IS
360,Menongue,-14.6585,17.691,70.77,44,73,5.14,broken clouds,2022-05-15 15:34:18,AO
361,Dudinka,69.4058,86.1778,33.78,100,100,5.32,overcast clouds,2022-05-15 15:34:18,RU
362,Sur,22.5667,59.5289,84.78,59,0,4.97,clear sky,2022-05-15 15:32:50,OM
363,Nandu,22.8525,110.8233,62.89,94,100,5.59,overcast clouds,2022-05-15 15:34:19,CN
364,Acarau,-2.8856,-40.12,84.24,73,93,14.65,overcast clouds,2022-05-15 15:31:08,BR
365,Santa Isabel Do Rio Negro,-0.4139,-65.0192,86.07,71,100,3.94,overcast clouds,2022-05-15 15:34:20,BR
366,Kailua,21.4022,-157.7394,75.18,78,75,10.36,broken clouds,2022-05-15 15:34:20,US
367,Okrika,4.7416,7.0849,87.17,65,93,8.08,light rain,2022-05-15 15:34:21,NG
368,Ponta Delgada,37.7333,-25.6667,63.32,63,20,20.71,few clouds,2022-05-15 15:34:21,PT
369,Griffith,41.5284,-87.4237,77.31,46,0,8.05,clear sky,2022-05-15 15:34:22,US
370,El Tigre,8.8875,-64.2454,90.99,36,90,12.91,overcast clouds,2022-05-15 15:34:22,VE
371,Taunggyi,20.7833,97.0333,69.48,72,72,2.28,broken clouds,2022-05-15 15:34:23,MM
372,Durango,24.8333,-104.8333,78.19,21,2,8.88,clear sky,2022-05-15 15:31:15,MX
373,Ugoofaaru,5.6667,73.0,83.88,75,100,19.55,moderate rain,2022-05-15 15:34:23,MV
374,Umm Lajj,25.0213,37.2685,87.8,46,0,7.16,clear sky,2022-05-15 15:29:34,SA
375,Hobyo,5.3505,48.5268,81.39,77,14,21.0,light rain,2022-05-15 15:34:24,SO
376,Bosaso,11.2842,49.1816,86.09,49,5,1.48,clear sky,2022-05-15 15:34:25,SO
377,Tautira,-17.7333,-149.15,80.26,76,26,14.07,light rain,2022-05-15 15:34:25,PF
378,Gao,16.6362,1.637,96.04,25,70,14.27,light rain,2022-05-15 15:34:26,ML
379,Lasa,46.6166,10.7002,74.28,67,65,3.53,broken clouds,2022-05-15 15:34:26,IT
380,Ruidoso,33.3317,-105.673,81.05,4,0,4.61,clear sky,2022-05-15 15:34:27,US
381,Puerto Escondido,15.85,-97.0667,88.63,70,0,0.0,clear sky,2022-05-15 15:34:27,MX
382,Esperance,-33.8667,121.9,51.64,68,99,6.69,overcast clouds,2022-05-15 15:30:20,AU
383,Shelburne,44.0787,-80.2041,75.9,59,48,9.95,scattered clouds,2022-05-15 15:34:28,CA
384,Mayenne,48.3333,-0.6667,76.46,67,95,10.8,light rain,2022-05-15 15:32:11,FR
385,Mpika,-11.8343,31.4529,57.7,71,0,5.06,clear sky,2022-05-15 15:34:29,ZM
386,Kazerun,29.6195,51.6541,82.27,13,0,5.28,clear sky,2022-05-15 15:34:29,IR
387,Togur,58.3631,82.8265,59.14,83,100,8.75,light rain,2022-05-15 15:30:39,RU
388,Mareeba,-17.0,145.4333,69.44,96,43,1.32,scattered clouds,2022-05-15 15:34:30,AU
389,Kayerkan,69.3497,87.7602,35.69,97,100,9.04,overcast clouds,2022-05-15 15:34:32,RU
390,Kharp,66.8014,65.8081,44.53,92,99,7.02,light rain,2022-05-15 15:34:32,RU
391,Riverton,40.5219,-111.9391,71.17,44,0,3.0,clear sky,2022-05-15 15:34:33,US
392,Labuan,5.2767,115.2417,82.76,88,20,0.0,few clouds,2022-05-15 15:34:34,MY
393,Ulaangom,49.9811,92.0667,59.97,20,96,0.98,overcast clouds,2022-05-15 15:34:34,MN
394,Yar-Sale,66.8333,70.8333,37.6,100,100,9.95,overcast clouds,2022-05-15 15:32:48,RU
395,Lincoln,40.8,-96.667,69.15,62,75,17.27,broken clouds,2022-05-15 15:34:35,US
396,Havelock,34.8791,-76.9013,83.98,71,0,8.05,clear sky,2022-05-15 15:34:35,US
397,Cururupu,-1.8283,-44.8683,87.64,62,97,8.88,overcast clouds,2022-05-15 15:32:58,BR
398,Lavrentiya,65.5833,-171.0,28.8,92,82,8.32,broken clouds,2022-05-15 15:34:36,RU
399,Karia,11.7306,11.1629,103.17,7,32,12.37,scattered clouds,2022-05-15 15:34:37,NG
400,Kuala Terengganu,5.3302,103.1408,82.35,94,20,1.14,few clouds,2022-05-15 15:34:37,MY
401,Ugep,5.8086,8.0812,85.24,68,98,3.44,light rain,2022-05-15 15:34:38,NG
402,Behshahr,36.6923,53.5526,75.15,64,0,3.85,clear sky,2022-05-15 15:34:38,IR
403,Luis Correia,-2.8792,-41.6669,89.6,66,75,9.22,broken clouds,2022-05-15 15:34:39,BR
404,Tutoia,-2.7619,-42.2744,86.32,64,76,12.37,broken clouds,2022-05-15 15:34:39,BR
405,Asau,46.4333,26.4,70.72,69,98,1.97,overcast clouds,2022-05-15 15:34:40,RO
406,Mount Gambier,-37.8333,140.7667,54.39,64,35,12.77,light rain,2022-05-15 15:34:42,AU
407,Hualmay,-11.0964,-77.6139,67.64,71,58,7.18,broken clouds,2022-05-15 15:34:43,PE
408,Liuli,-11.0833,34.6333,74.25,70,18,8.23,few clouds,2022-05-15 15:34:43,TZ
409,Deniliquin,-35.5333,144.9667,55.26,71,0,7.87,clear sky,2022-05-15 15:34:44,AU
410,La Libertad,-2.2333,-80.9,78.46,78,100,8.05,overcast clouds,2022-05-15 15:34:44,EC
411,San-Pedro,4.7485,-6.6363,84.22,73,94,8.08,overcast clouds,2022-05-15 15:34:45,CI
412,Pomichna,48.2422,31.4158,60.73,60,73,12.75,broken clouds,2022-05-15 15:34:45,UA
413,Lebedyn,50.5852,34.4849,55.29,75,28,12.77,light rain,2022-05-15 15:34:46,UA
414,Kruisfontein,-34.0033,24.7314,64.89,79,1,7.58,clear sky,2022-05-15 15:30:56,ZA
415,Lorengau,-2.0226,147.2712,79.84,72,100,1.95,overcast clouds,2022-05-15 15:34:47,PG
416,Edson,53.5835,-116.4356,46.54,49,0,3.44,clear sky,2022-05-15 15:33:28,CA
417,Savannah Bight,16.45,-85.85,80.22,72,98,6.04,overcast clouds,2022-05-15 15:34:47,HN
418,Henties Bay,-22.116,14.2845,64.58,63,1,8.93,clear sky,2022-05-15 15:30:19,NA
419,San Andres,12.5847,-81.7006,84.22,79,75,11.5,broken clouds,2022-05-15 15:34:13,CO
420,Sao Filipe,14.8961,-24.4956,79.68,61,58,9.1,broken clouds,2022-05-15 15:34:48,CV
421,Zhangjiakou,40.81,114.8794,56.53,21,9,5.57,clear sky,2022-05-15 15:34:49,CN
422,Lompoc,34.6391,-120.4579,67.93,85,75,8.05,fog,2022-05-15 15:30:08,US
423,Bumbuna,9.05,-11.7333,98.42,35,50,2.71,scattered clouds,2022-05-15 15:34:49,SL
424,Dillon,34.4166,-79.3712,84.04,49,100,4.72,overcast clouds,2022-05-15 15:34:50,US
425,Hofn,64.2539,-15.2082,50.02,87,75,10.36,broken clouds,2022-05-15 15:34:50,IS
426,Yenagoa,4.9247,6.2642,84.15,79,83,6.11,moderate rain,2022-05-15 15:34:51,NG
427,Marovoay,-16.1,46.6333,78.19,50,0,2.13,clear sky,2022-05-15 15:34:51,MG
428,Gondanglegi,-7.7479,112.0132,76.91,90,45,8.75,scattered clouds,2022-05-15 15:34:52,ID
429,Shelbyville,35.4834,-86.4603,79.03,62,0,1.99,clear sky,2022-05-15 15:34:52,US
430,Russell,32.3502,-85.1999,83.97,65,0,0.0,clear sky,2022-05-15 15:34:53,US
431,Huinan,42.6225,126.2614,47.26,79,100,7.02,overcast clouds,2022-05-15 15:34:53,CN
432,Kirksville,40.1948,-92.5833,60.57,91,100,3.44,overcast clouds,2022-05-15 15:34:54,US
433,Bow Island,49.8668,-111.3684,57.61,35,18,17.27,few clouds,2022-05-15 15:34:54,CA
434,Lumberton,34.6182,-79.0086,82.71,50,100,5.03,overcast clouds,2022-05-15 15:30:43,US
435,Nushki,29.5542,66.0215,77.11,19,0,11.01,clear sky,2022-05-15 15:34:55,PK
436,Minbu,20.1833,94.8833,87.37,61,63,9.86,broken clouds,2022-05-15 15:34:55,MM
437,Gilgit,35.9221,74.3087,69.82,56,93,5.17,overcast clouds,2022-05-15 15:34:56,PK
438,Erdenet,49.0333,104.0833,51.87,26,59,3.33,broken clouds,2022-05-15 15:34:56,MN
439,Pasighat,28.0667,95.3333,72.48,95,100,2.13,overcast clouds,2022-05-15 15:34:57,IN
440,Dongning,44.0622,131.1207,44.69,90,66,4.94,broken clouds,2022-05-15 15:34:58,CN
441,Murgab,37.4966,61.9714,82.27,28,0,4.61,clear sky,2022-05-15 15:34:58,TM
442,Pisco,-13.7,-76.2167,62.65,94,100,4.61,mist,2022-05-15 15:34:59,PE
443,Burns Lake,54.2331,-125.7533,42.22,66,100,3.06,overcast clouds,2022-05-15 15:34:59,CA
444,Mana,5.6592,-53.7767,82.18,82,100,10.29,overcast clouds,2022-05-15 15:35:00,GF
445,Nichinan,31.6,131.3667,56.64,85,100,3.98,overcast clouds,2022-05-15 15:35:00,JP
446,Dongzhen,22.3797,110.9389,66.7,94,100,6.8,overcast clouds,2022-05-15 15:35:01,CN
447,Yefremov,53.1481,38.0992,51.66,81,94,10.25,light rain,2022-05-15 15:35:02,RU
448,Salalah,17.0151,54.0924,91.49,31,1,8.05,clear sky,2022-05-15 15:35:02,OM
449,Vanino,49.0869,140.2543,42.89,82,100,4.14,overcast clouds,2022-05-15 15:35:03,RU
450,Nang Rong,14.6377,102.7914,81.79,74,72,6.17,broken clouds,2022-05-15 15:35:03,TH
451,Kem,64.9555,34.5793,39.79,96,100,5.01,light rain,2022-05-15 15:35:04,RU
452,Kavieng,-2.5744,150.7967,81.07,73,100,5.06,overcast clouds,2022-05-15 15:35:04,PG
453,Kiunga,-6.1219,141.2906,72.1,100,94,0.85,light rain,2022-05-15 15:35:05,PG
454,Calama,-22.4667,-68.9333,66.69,12,0,2.3,clear sky,2022-05-15 15:35:05,CL
455,Turmalina,-17.2856,-42.73,83.19,38,59,6.6,broken clouds,2022-05-15 15:35:06,BR
456,Sibolga,1.7427,98.7792,78.73,88,95,1.77,overcast clouds,2022-05-15 15:35:06,ID
457,Chapais,49.7834,-74.8492,67.78,62,100,6.42,overcast clouds,2022-05-15 15:35:07,CA
458,Tilichiki,60.4667,166.1,32.22,97,100,3.31,overcast clouds,2022-05-15 15:35:07,RU
459,Carballo,43.213,-8.691,68.54,83,100,12.1,overcast clouds,2022-05-15 15:35:08,ES
460,Teguise,29.0605,-13.564,68.22,78,20,6.91,few clouds,2022-05-15 15:35:09,ES
461,Half Moon Bay,37.4636,-122.4286,63.63,86,100,18.41,fog,2022-05-15 15:30:17,US
462,Kiama,-34.6833,150.8667,61.25,83,0,7.49,clear sky,2022-05-15 15:35:09,AU
463,Kirakira,-10.4544,161.9205,78.1,85,84,5.91,broken clouds,2022-05-15 15:35:10,SB
464,Teluk Nibung,3.001,99.8164,78.94,88,100,1.66,overcast clouds,2022-05-15 15:35:10,ID
465,Srednekolymsk,67.45,153.6833,22.39,90,99,12.19,overcast clouds,2022-05-15 15:35:11,RU
466,Kalaleh,37.3807,55.4916,76.6,61,0,6.91,clear sky,2022-05-15 15:35:14,IR
467,Kahului,20.8947,-156.47,73.85,73,0,5.99,clear sky,2022-05-15 15:31:11,US
468,Prince Albert,53.2001,-105.7677,46.35,66,40,8.05,scattered clouds,2022-05-15 15:30:58,CA
469,Gawler,-34.6,138.7333,61.21,87,37,7.92,scattered clouds,2022-05-15 15:31:16,AU
470,Levelland,33.5873,-102.378,86.2,14,0,16.35,clear sky,2022-05-15 15:35:15,US
471,Lodwar,3.1191,35.5973,92.5,28,29,15.48,scattered clouds,2022-05-15 15:35:16,KE
472,Sao Domingos,-13.3983,-46.3183,88.92,34,100,2.98,overcast clouds,2022-05-15 15:35:16,BR
473,Vestmannaeyjar,63.4427,-20.2734,49.19,93,75,10.36,broken clouds,2022-05-15 15:31:24,IS
474,Hoa Binh,20.8133,105.3383,69.55,92,100,1.07,overcast clouds,2022-05-15 15:35:17,VN
475,Pucara,-15.9803,-71.4606,48.33,23,2,3.71,clear sky,2022-05-15 15:35:17,PE
476,Baishishan,43.5833,127.5667,43.97,93,78,4.34,broken clouds,2022-05-15 15:35:18,CN
477,Yerbogachen,61.2767,108.0108,50.94,58,94,0.38,overcast clouds,2022-05-15 15:35:18,RU
478,Tamandare,-8.7597,-35.1047,83.73,66,92,8.68,overcast clouds,2022-05-15 15:31:50,BR
479,Piterka,50.6803,47.4454,58.24,64,35,8.61,scattered clouds,2022-05-15 15:35:19,RU
480,Golden,39.7555,-105.2211,69.76,40,20,14.97,few clouds,2022-05-15 15:35:19,US
481,Yaan,7.3833,8.5667,91.69,49,97,0.81,overcast clouds,2022-05-15 15:35:20,NG
482,Amahai,-3.3333,128.9167,79.2,83,88,2.01,overcast clouds,2022-05-15 15:35:20,ID
483,Buchanan,5.8808,-10.0467,83.8,76,90,7.14,light rain,2022-05-15 15:35:23,LR
484,Iquique,-20.2208,-70.1431,62.64,62,8,8.14,clear sky,2022-05-15 15:35:23,CL
485,Kinshasa,-4.3246,15.3215,88.18,62,20,5.75,light rain,2022-05-15 15:33:36,CD
486,Zeerust,-25.5369,26.0751,67.41,35,46,4.05,scattered clouds,2022-05-15 15:35:24,ZA
487,Smidovich,48.6,133.8167,44.26,69,7,12.35,clear sky,2022-05-15 15:35:25,RU
488,Haverfordwest,51.8017,-4.9691,67.59,90,100,18.41,overcast clouds,2022-05-15 15:35:25,GB
489,Jizan,17.3333,42.6667,90.54,48,0,6.26,clear sky,2022-05-15 15:35:26,SA
490,Eravur,7.7733,81.6095,82.56,70,87,4.43,overcast clouds,2022-05-15 15:35:26,LK
491,Yanahuanca,-10.5167,-76.4986,50.54,49,20,8.55,few clouds,2022-05-15 15:35:27,PE
492,Dengfeng,34.4553,113.0281,61.09,30,4,5.88,clear sky,2022-05-15 15:35:27,CN
493,Abrau-Dyurso,44.69,37.59,63.86,78,15,5.82,few clouds,2022-05-15 15:35:28,RU
494,Kerema,-7.9631,145.7785,76.8,88,100,2.24,overcast clouds,2022-05-15 15:35:29,PG
495,Umm Kaddadah,13.6017,26.6876,91.69,31,94,21.72,overcast clouds,2022-05-15 15:35:29,SD
496,Viesca,25.35,-102.8,85.48,26,0,3.2,clear sky,2022-05-15 15:35:30,MX
497,Nhulunbuy,-12.2333,136.7667,70.41,83,0,0.0,clear sky,2022-05-15 15:35:30,AU
498,Dingle,10.9995,122.6711,77.76,86,94,0.81,overcast clouds,2022-05-15 15:35:31,PH
499,Bilibino,68.0546,166.4372,17.64,96,100,4.94,overcast clouds,2022-05-15 15:35:32,RU
500,Marawi,7.9986,124.2928,69.98,91,100,2.15,overcast clouds,2022-05-15 15:31:28,PH
501,Bridlington,54.0831,-0.1919,59.14,90,100,14.2,overcast clouds,2022-05-15 15:30:44,GB
502,Morondava,-20.2833,44.2833,79.83,64,61,11.5,broken clouds,2022-05-15 15:35:33,MG
503,Mogadishu,2.0371,45.3438,80.76,81,45,13.24,scattered clouds,2022-05-15 15:35:33,SO
504,Mahanoro,-19.9,48.8,71.69,79,0,6.08,clear sky,2022-05-15 15:35:34,MG
505,Abu Dhabi,24.4667,54.3667,84.31,72,0,10.36,clear sky,2022-05-15 15:35:35,AE
506,Road Town,18.4167,-64.6167,84.29,69,40,11.5,scattered clouds,2022-05-15 15:34:39,VG
507,Praya,14.9215,-23.5087,86.54,42,0,29.93,clear sky,2022-05-15 15:31:30,CV
508,Balikpapan,-1.2675,116.8289,79.79,100,20,1.14,few clouds,2022-05-15 15:35:36,ID
509,Sokoni,-6.4333,39.55,82.26,77,2,14.99,clear sky,2022-05-15 15:35:36,TZ
510,Mnogovershinnyy,53.9353,139.9242,28.81,96,100,11.34,light snow,2022-05-15 15:35:37,RU
511,Amapa,1.0,-52.0,74.98,98,100,1.7,overcast clouds,2022-05-15 15:35:37,BR
512,Makubetsu,45.3714,141.8211,47.5,76,0,28.66,clear sky,2022-05-15 15:35:39,JP
513,Tougue,11.4667,-11.6,100.17,6,24,10.45,few clouds,2022-05-15 15:35:40,GN
514,Alekseyevka,50.6309,38.6903,54.5,80,55,10.96,light rain,2022-05-15 15:35:40,RU
515,Monte Alegre,-2.0078,-54.0692,81.99,79,100,7.29,light rain,2022-05-15 15:35:41,BR
516,Ylivieska,64.0833,24.55,53.89,46,96,7.96,overcast clouds,2022-05-15 15:35:41,FI
517,Dicabisagan,17.0818,122.4157,80.56,87,100,7.92,overcast clouds,2022-05-15 15:35:42,PH
518,Maiduguri,11.8464,13.1603,102.85,10,63,15.37,broken clouds,2022-05-15 15:35:42,NG
519,Macusani,-14.0833,-70.4333,50.79,43,6,5.06,clear sky,2022-05-15 15:35:43,PE
520,Dire,12.2833,-10.9667,108.9,5,0,8.95,clear sky,2022-05-15 15:35:43,ML
521,Dwarka,22.2394,68.9678,83.86,78,0,16.64,clear sky,2022-05-15 15:35:44,IN
522,Batagay-Alyta,67.8006,130.4114,0.39,97,45,6.17,scattered clouds,2022-05-15 15:35:45,RU
523,Praia Da Vitoria,38.7333,-27.0667,61.05,77,75,20.51,light rain,2022-05-15 15:32:38,PT
524,Gat,31.61,34.7642,73.4,58,0,10.13,clear sky,2022-05-15 15:35:46,IL
525,Rokytne,51.2796,27.214,57.51,57,99,10.87,overcast clouds,2022-05-15 15:35:46,UA
526,Amuntai,-2.4177,115.2494,75.38,97,47,1.54,scattered clouds,2022-05-15 15:35:47,ID
527,Sola,-13.8833,167.55,77.67,94,93,3.44,overcast clouds,2022-05-15 15:35:47,VU
528,Muzhi,65.3667,64.6667,44.6,88,100,14.2,light rain,2022-05-15 15:35:48,RU
529,Progreso,21.2833,-89.6667,82.51,54,0,7.4,clear sky,2022-05-15 15:35:48,MX
530,Sungaipenuh,-2.0833,101.3833,67.28,97,69,0.36,heavy intensity rain,2022-05-15 15:35:49,ID
531,Canmore,51.0834,-115.3521,46.81,52,100,5.75,overcast clouds,2022-05-15 15:32:13,CA
532,Kokstad,-30.5472,29.4241,50.4,92,16,3.27,few clouds,2022-05-15 15:35:50,ZA
533,Kollam,8.8833,76.6,78.6,88,100,10.98,light rain,2022-05-15 15:35:50,IN
534,Gimli,50.6336,-96.9907,46.42,61,90,10.36,overcast clouds,2022-05-15 15:35:51,CA
535,Excelsior Springs,39.3392,-94.2261,61.68,88,100,3.44,moderate rain,2022-05-15 15:35:51,US
536,Salinopolis,-0.6136,-47.3561,84.78,70,85,12.1,light rain,2022-05-15 15:35:52,BR
537,Kununurra,-15.7667,128.7333,73.38,83,1,0.0,clear sky,2022-05-15 15:35:52,AU
538,Tanout,14.9709,8.8879,99.79,8,46,16.89,scattered clouds,2022-05-15 15:35:53,NE
539,Lakki Marwat,32.6079,70.9114,103.48,7,89,5.55,overcast clouds,2022-05-15 15:35:53,PK
540,Sao Gabriel Da Cachoeira,-0.1303,-67.0892,82.2,83,75,4.61,moderate rain,2022-05-15 15:35:54,BR
541,Hay River,60.8156,-115.7999,48.18,61,75,9.22,broken clouds,2022-05-15 15:35:54,CA
542,College,64.8569,-147.8028,42.08,63,40,10.36,scattered clouds,2022-05-15 15:35:54,US
543,Vostok,46.4856,135.8833,35.78,90,9,6.91,clear sky,2022-05-15 15:31:33,RU
544,Tucuma,-0.1833,-50.05,81.39,83,100,6.58,moderate rain,2022-05-15 15:35:55,BR
545,Campos,-21.75,-41.3,80.65,57,40,11.5,scattered clouds,2022-05-15 15:35:56,BR
546,Carmelo,-33.9892,-58.2856,59.02,37,52,13.11,broken clouds,2022-05-15 15:35:56,UY
547,Arlit,18.7369,7.3853,103.37,8,3,6.58,clear sky,2022-05-15 15:35:57,NE
548,Mumford,5.2618,-0.759,83.7,73,24,10.85,few clouds,2022-05-15 15:35:57,GH
549,Korla,41.7597,86.1469,76.26,19,99,4.47,overcast clouds,2022-05-15 15:35:58,CN
550,Sioux Lookout,50.1001,-91.917,46.47,81,100,8.05,overcast clouds,2022-05-15 15:35:58,CA
551,Claveria,18.6074,121.0832,79.75,86,100,1.14,overcast clouds,2022-05-15 15:35:59,PH
552,Riachos,39.4447,-8.5142,80.35,55,73,15.99,broken clouds,2022-05-15 15:35:59,PT
553,Isangel,-19.55,169.2667,71.71,88,42,5.75,scattered clouds,2022-05-15 15:36:00,VU
554,Santa Quiteria Do Maranhao,-3.5156,-42.5467,86.0,70,98,5.86,overcast clouds,2022-05-15 15:36:00,BR
555,Vrangel,42.7297,133.0839,45.61,80,47,3.47,scattered clouds,2022-05-15 15:36:01,RU
556,Antalaha,-14.9003,50.2788,74.77,69,4,12.01,clear sky,2022-05-15 15:36:01,MG
557,Gold Coast,-28.0,153.4333,72.0,98,100,1.14,overcast clouds,2022-05-15 15:36:02,AU
558,Wagar,16.1525,36.2032,104.02,7,0,6.29,clear sky,2022-05-15 15:33:06,SD
559,Atambua,-9.1061,124.8925,73.13,90,88,3.87,overcast clouds,2022-05-15 15:36:02,ID
560,Dawson,31.7735,-84.4466,87.22,45,92,1.34,overcast clouds,2022-05-15 15:36:03,US
561,Cuicatlan,17.8,-96.9667,86.16,38,14,3.78,few clouds,2022-05-15 15:36:03,MX
562,Santa Cruz,-17.8,-63.1667,73.45,60,75,17.27,broken clouds,2022-05-15 15:36:04,BO
563,Thinadhoo,0.5333,72.9333,84.45,70,79,14.56,broken clouds,2022-05-15 15:33:23,MV
564,Blagoyevo,63.3667,47.9167,53.94,74,100,8.77,light rain,2022-05-15 15:36:04,RU
565,Borgarnes,64.5383,-21.9206,55.45,75,96,9.44,overcast clouds,2022-05-15 15:36:05,IS
566,Bandarbeyla,9.4942,50.8122,82.67,83,9,25.66,clear sky,2022-05-15 15:36:06,SO
567,Oriximina,-1.7656,-55.8661,83.35,78,100,4.7,moderate rain,2022-05-15 15:36:06,BR
568,Onega,63.9061,38.1404,46.17,80,92,8.32,overcast clouds,2022-05-15 15:36:07,RU
569,Coos Bay,43.3665,-124.2179,58.98,99,100,4.61,overcast clouds,2022-05-15 15:36:07,US
570,Westport,41.1415,-73.3579,74.75,91,100,10.36,fog,2022-05-15 15:36:08,US
571,Lichinga,-13.3128,35.2406,68.09,56,75,9.22,broken clouds,2022-05-15 15:36:08,MZ
572,Pavlodar,52.3,76.95,66.0,45,0,2.24,clear sky,2022-05-15 15:36:00,KZ
573,Vilyuysk,63.7553,121.6247,24.3,92,27,4.09,scattered clouds,2022-05-15 15:36:09,RU
574,Namibe,-15.1961,12.1522,75.83,69,0,12.66,clear sky,2022-05-15 15:36:10,AO
575,Eyrarbakki,63.863,-21.1481,55.45,93,93,17.0,overcast clouds,2022-05-15 15:36:10,IS
576,Marshall,34.3834,-86.3333,83.07,74,0,6.91,clear sky,2022-05-15 15:36:01,US
577,Kupino,54.3663,77.2981,61.48,47,74,3.65,broken clouds,2022-05-15 15:36:11,RU
578,Acajutla,13.5928,-89.8275,88.77,44,23,5.3,few clouds,2022-05-15 15:36:12,SV
579,Chumikan,54.7183,135.315,37.72,70,100,17.92,overcast clouds,2022-05-15 15:36:12,RU
580,Waipawa,-41.4122,175.5153,54.5,98,100,7.31,overcast clouds,2022-05-15 15:32:09,NZ
581,Yibin,28.7667,104.6238,54.7,94,91,2.35,overcast clouds,2022-05-15 15:36:13,CN
582,Sabla,12.7525,4.7077,104.85,19,35,12.24,scattered clouds,2022-05-15 15:36:13,NG
583,Berlevag,70.8578,29.0864,41.0,81,100,12.66,overcast clouds,2022-05-15 15:33:18,NO
584,Nishihara,26.1842,127.7558,67.28,89,100,13.8,overcast clouds,2022-05-15 15:36:14,JP
585,Hershey,40.2859,-76.6503,72.28,82,100,5.01,overcast clouds,2022-05-15 15:34:30,US
586,Bambanglipuro,-7.95,110.2833,79.48,84,77,1.12,broken clouds,2022-05-15 15:36:15,ID
587,Tateyama,34.9833,139.8667,60.1,82,100,2.37,light rain,2022-05-15 15:36:15,JP
588,Ilulissat,69.2167,-51.1,24.82,42,6,0.0,clear sky,2022-05-15 15:36:16,GL
589,Kavaratti,10.5669,72.642,80.82,84,100,16.2,overcast clouds,2022-05-15 15:36:16,IN
590,Esil,51.9556,66.4042,60.69,69,99,16.06,overcast clouds,2022-05-15 15:36:17,KZ
591,Masuguru,-11.3667,38.4167,75.81,55,20,2.8,few clouds,2022-05-15 15:36:17,TZ
592,Muroto,33.2833,134.15,63.57,58,100,4.14,overcast clouds,2022-05-15 15:36:18,JP
593,Ust-Tsilma,65.441,52.1498,48.15,90,100,6.91,overcast clouds,2022-05-15 15:36:18,RU
594,Salihorsk,52.7876,27.5415,54.84,71,89,9.93,overcast clouds,2022-05-15 15:36:19,BY
595,Pombas,17.1503,-25.0201,83.98,75,18,12.88,few clouds,2022-05-15 15:36:19,CV
596,Belcesti,47.3,27.0833,71.87,63,100,6.85,overcast clouds,2022-05-15 15:36:20,RO
597,Banswara,23.55,74.45,98.31,14,0,12.66,clear sky,2022-05-15 15:36:20,IN
598,Kongsberg,59.6652,9.6465,65.97,38,50,1.01,scattered clouds,2022-05-15 15:36:21,NO
599,Banda Aceh,5.5577,95.3222,82.15,81,56,12.59,broken clouds,2022-05-15 15:36:21,ID
600,Nabire,-3.3667,135.4833,75.99,90,99,1.88,light rain,2022-05-15 15:36:22,ID
601,Bubaque,11.2833,-15.8333,79.72,79,93,13.69,overcast clouds,2022-05-15 15:31:42,GW
602,Inuvik,68.3499,-133.7218,29.16,93,100,6.91,light snow,2022-05-15 15:36:23,CA
603,Ha Giang,22.8333,104.9833,69.08,90,100,3.31,overcast clouds,2022-05-15 15:36:23,VN
604,Tres Arroyos,-38.3739,-60.2798,49.5,76,71,19.73,broken clouds,2022-05-15 15:36:24,AR
605,Olinda,-8.0089,-34.8553,85.73,70,75,8.05,broken clouds,2022-05-15 15:36:24,BR
606,Bobo Dioulasso,11.1771,-4.2979,100.85,30,20,3.44,few clouds,2022-05-15 15:36:25,BF
607,Posse,-14.0931,-46.3694,87.08,32,100,4.16,overcast clouds,2022-05-15 15:36:25,BR
608,Xuddur,4.1213,43.8894,81.86,50,91,10.74,overcast clouds,2022-05-15 15:36:26,SO
609,Sebinkarahisar,40.2883,38.4236,55.92,74,100,3.15,overcast clouds,2022-05-15 15:36:26,TR
610,Bangassou,4.7413,22.8184,82.22,64,54,2.51,broken clouds,2022-05-15 15:36:26,CF
611,Puerto Carreno,6.189,-67.4859,87.78,66,20,5.75,few clouds,2022-05-15 15:36:27,CO
612,Barranca,-10.75,-77.7667,66.74,70,70,6.69,broken clouds,2022-05-15 15:36:27,PE
613,Domoni,-12.2569,44.5319,79.18,78,22,10.13,few clouds,2022-05-15 15:36:28,KM
614,Mwinilunga,-11.7358,24.4293,64.74,55,4,4.05,clear sky,2022-05-15 15:36:29,ZM
615,Saint-Francois,46.4154,3.9054,74.64,57,75,6.91,broken clouds,2022-05-15 15:36:29,FR
616,Kifri,34.6959,44.9661,92.39,16,19,7.25,few clouds,2022-05-15 15:36:30,IQ
617,Brae,60.3964,-1.353,54.75,72,100,4.81,overcast clouds,2022-05-15 15:36:30,GB
618,Shenjiamen,29.9576,122.298,61.47,63,100,4.36,overcast clouds,2022-05-15 15:36:31,CN
619,Touros,-5.1989,-35.4608,85.68,65,100,12.19,overcast clouds,2022-05-15 15:36:31,BR
620,Luwuk,-0.9516,122.7875,79.59,90,89,0.63,overcast clouds,2022-05-15 15:36:32,ID
621,Thayetmyo,19.3167,95.1833,87.24,61,44,5.12,scattered clouds,2022-05-15 15:36:32,MM
622,Tiarei,-17.5333,-149.3333,75.22,72,26,13.29,light rain,2022-05-15 15:36:33,PF
623,Tommot,58.9564,126.2925,20.26,97,95,1.74,overcast clouds,2022-05-15 15:36:33,RU
624,Huainan,32.6264,116.9969,62.65,41,100,8.16,overcast clouds,2022-05-15 15:36:34,CN
625,Ginda,30.6945,78.4932,69.21,24,2,8.28,clear sky,2022-05-15 15:36:34,IN
626,Hambantota,6.1241,81.1185,75.54,100,40,2.3,scattered clouds,2022-05-15 15:32:22,LK
627,Astana,51.1801,71.446,67.95,42,40,8.95,scattered clouds,2022-05-15 15:36:35,KZ
628,Ossora,59.2353,163.0719,33.21,99,100,6.29,overcast clouds,2022-05-15 15:36:36,RU
629,Andros Town,24.7,-77.7667,82.36,65,2,6.06,clear sky,2022-05-15 15:36:36,BS
630,Santa Cruz De Tenerife,28.4682,-16.2546,76.6,58,0,5.99,clear sky,2022-05-15 15:32:19,ES
631,San Joaquin,37.9333,-121.3011,76.53,53,0,6.91,clear sky,2022-05-15 15:36:37,US
632,Kinsale,51.7075,-8.5306,60.17,77,75,18.41,broken clouds,2022-05-15 15:36:37,IE
633,Ratnapura,6.6828,80.3992,75.67,97,54,1.03,broken clouds,2022-05-15 15:36:38,LK
634,Dolakovo,43.235,44.5917,71.46,43,75,13.42,broken clouds,2022-05-15 15:36:38,RU
635,Karratha,-20.7377,116.8463,76.64,66,1,6.78,clear sky,2022-05-15 15:36:39,AU
636,Batemans Bay,-35.7167,150.1833,60.1,81,0,4.5,clear sky,2022-05-15 15:36:39,AU
637,Robertsport,6.7533,-11.3686,84.04,75,79,8.5,moderate rain,2022-05-15 15:36:40,LR
638,Havoysund,70.9963,24.6622,41.23,95,100,7.36,light rain,2022-05-15 15:36:40,NO
639,Harnosand,62.6323,17.9379,51.82,43,69,16.02,broken clouds,2022-05-15 15:36:41,SE
640,Palmer,42.1584,-72.3287,74.21,72,100,4.61,overcast clouds,2022-05-15 15:36:41,US
641,Vrbove,48.6197,17.7226,76.87,33,0,9.22,clear sky,2022-05-15 15:36:52,SK
642,Huilong,31.8111,121.655,64.92,60,100,6.91,overcast clouds,2022-05-15 15:32:16,CN
643,Panikian,7.0107,126.0242,80.31,85,98,3.33,overcast clouds,2022-05-15 15:36:52,PH
644,Iquitos,-3.7481,-73.2472,82.44,78,75,5.75,broken clouds,2022-05-15 15:36:53,PE
645,Am Timan,11.0297,20.2827,81.88,54,100,3.94,overcast clouds,2022-05-15 15:36:54,TD
646,Kotma,23.2,81.9667,91.69,15,12,5.17,few clouds,2022-05-15 15:36:54,IN
647,Veraval,20.9,70.3667,84.16,77,0,13.94,clear sky,2022-05-15 15:36:55,IN
648,Potomac,39.0182,-77.2086,78.39,80,100,0.0,overcast clouds,2022-05-15 15:36:55,US
649,Macau,22.2006,113.5461,71.33,94,75,13.8,broken clouds,2022-05-15 15:36:56,MO
650,Shellbrook,53.2168,-106.4011,45.63,60,4,11.27,clear sky,2022-05-15 15:36:56,CA
651,Forbes,-33.3833,148.0167,53.92,90,11,3.04,few clouds,2022-05-15 15:36:57,AU
652,Bowen,-20.0167,148.2333,71.98,84,48,4.12,scattered clouds,2022-05-15 15:37:01,AU
653,Winsum,53.33,6.5208,75.09,57,88,11.52,overcast clouds,2022-05-15 15:37:02,NL
654,Sassandra,4.95,-6.0833,84.06,72,84,7.65,broken clouds,2022-05-15 15:37:02,CI
655,Jos,9.9167,8.9,86.18,27,96,5.48,overcast clouds,2022-05-15 15:37:03,NG
656,Mananjary,-21.2167,48.3333,71.56,72,1,4.97,clear sky,2022-05-15 15:37:03,MG
657,Kota Bahru,6.1333,102.2386,80.55,88,40,3.44,thunderstorm with light rain,2022-05-15 15:37:04,MY
658,Gambela,8.25,34.5833,72.41,90,97,2.82,moderate rain,2022-05-15 15:37:04,ET
659,Nador,35.174,-2.9287,78.87,60,20,16.11,few clouds,2022-05-15 15:37:05,MA
660,Port Antonio,18.18,-76.4612,90.0,74,100,14.65,overcast clouds,2022-05-15 15:37:05,JM
661,Newport,51.5877,-2.9984,62.62,86,100,9.55,light rain,2022-05-15 15:33:04,GB
662,Smirnykh,49.75,142.8333,38.59,96,90,2.08,light rain,2022-05-15 15:37:06,RU
663,Ulefoss,59.2838,9.2646,67.64,30,38,5.32,scattered clouds,2022-05-15 15:37:06,NO
664,Urusha,54.05,122.9,31.95,63,17,4.45,few clouds,2022-05-15 15:37:07,RU
665,Ibirama,-27.0569,-49.5178,79.32,64,92,4.54,overcast clouds,2022-05-15 15:37:07,BR
666,Araouane,18.9048,-3.5265,103.24,5,6,11.3,clear sky,2022-05-15 15:37:08,ML
667,Ndele,8.4109,20.6473,84.27,54,94,3.24,overcast clouds,2022-05-15 15:37:08,CF
668,Sisimiut,66.9395,-53.6735,30.52,49,0,7.36,clear sky,2022-05-15 15:37:09,GL
669,Asyut,27.181,31.1837,89.78,13,92,18.48,overcast clouds,2022-05-15 15:37:10,EG
670,Lahij,13.1667,44.5833,87.22,28,1,5.3,clear sky,2022-05-15 15:37:10,YE
671,Faya,18.3851,42.4509,80.71,12,0,11.68,clear sky,2022-05-15 15:33:31,SA
672,San Policarpo,12.1791,125.5072,80.46,83,100,8.05,overcast clouds,2022-05-15 15:37:11,PH
673,Tapalpa,19.95,-103.7667,76.8,34,12,1.36,few clouds,2022-05-15 15:37:11,MX
674,Huron,41.1501,-82.5499,76.96,64,44,7.76,scattered clouds,2022-05-15 15:37:12,US
675,Victoria Point,-27.5833,153.3,72.45,98,4,1.99,clear sky,2022-05-15 15:37:12,AU
676,Bonavista,48.6499,-53.1147,34.86,79,92,15.21,overcast clouds,2022-05-15 15:37:13,CA
677,Kamenka,51.3223,42.7678,52.61,81,66,10.45,broken clouds,2022-05-15 15:37:13,RU
678,Samarai,-10.6167,150.6667,79.88,81,6,7.83,clear sky,2022-05-15 15:37:14,PG
679,Muzaffarabad,34.37,73.4711,77.9,35,38,8.16,scattered clouds,2022-05-15 15:37:14,PK
680,Ust-Koksa,50.2696,85.6108,54.45,80,100,4.54,light rain,2022-05-15 15:37:15,RU
681,Ambilobe,-13.2,49.05,73.27,78,2,1.16,clear sky,2022-05-15 15:37:15,MG
682,Morgan City,29.6994,-91.2068,82.99,64,42,5.39,scattered clouds,2022-05-15 15:37:16,US
683,Eydhafushi,5.1033,73.0708,83.71,76,100,19.33,overcast clouds,2022-05-15 15:37:17,MV
684,Sayan,-11.1361,-77.1933,76.69,45,51,7.76,broken clouds,2022-05-15 15:37:17,PE
685,Grand-Santi,4.25,-54.3833,86.45,68,99,4.16,overcast clouds,2022-05-15 15:37:18,GF
686,Halifax,44.6453,-63.5724,50.68,87,100,12.66,overcast clouds,2022-05-15 15:32:52,CA
687,Saint-Denis,48.9167,2.3333,86.23,33,0,14.97,clear sky,2022-05-15 15:37:22,FR
